time_ms,rl_rpm,rl_rpm_raw,rr_rpm,rr_rpm_raw,rl_speed_mph,rr_speed_mph,speed_mph,fl_rpm,fr_rpm,fuel_consumed_l,fuel_remaining_l,engine_rpm,secondary_rpm,mode,status,temperature_c,brake_pot,motor_setpoint,motor_position
851,0.00,0.00,11.86,47.42,0.00,0.78,0.39,0.00,0.00,0.0000,6.0000,0.00,0.00,0,0,0.00,0.00,-2636,-2236
1051,0.00,0.00,8.89,0.00,0.00,0.58,0.29,0.00,0.00,0.0000,6.0000,0.00,0.00,0,0,0.00,0.00,-3846,-3446
1251,0.00,0.00,6.67,0.00,0.00,0.44,0.22,0.00,0.00,0.0000,6.0000,0.00,0.00,0,0,0.00,0.00,-5098,-4698
1451,0.00,0.00,5.00,0.00,0.00,0.33,0.16,0.00,0.00,0.0000,6.0000,0.00,0.00,0,0,0.00,0.00,-6007,-5607
1651,0.00,0.00,28.75,100.00,0.00,1.88,0.94,0.00,0.00,0.0000,6.0000,0.00,0.00,0,0,0.00,0.00,-5453,-5853
1851,0.00,0.00,21.56,0.00,0.00,1.41,0.71,0.00,0.00,0.0000,6.0000,0.00,0.00,0,0,0.00,0.00,-4669,-5069
2051,0.00,0.00,28.67,50.00,0.00,1.88,0.94,0.00,0.00,0.0000,6.0000,0.00,0.00,0,0,0.00,0.00,-5057,-5007
2251,0.00,0.00,21.50,0.00,0.00,1.41,0.70,0.00,0.00,0.0000,6.0000,0.00,0.00,0,0,0.00,0.00,-5257,-5207
2451,0.00,0.00,16.13,0.00,0.00,1.06,0.53,0.00,0.00,0.0000,6.0000,0.00,0.00,0,0,0.00,0.00,-5460,-5410
2651,0.00,0.00,12.10,0.00,0.00,0.79,0.40,0.00,0.00,0.0000,6.0000,0.00,0.00,0,0,0.00,0.00,-5662,-5612
2851,0.00,0.00,9.07,0.00,0.00,0.59,0.30,0.00,0.00,0.0000,6.0000,0.00,0.00,0,0,0.00,0.00,-5874,-5824
3051,0.00,0.00,6.80,0.00,0.00,0.45,0.22,0.00,0.00,0.0000,6.0000,0.00,0.00,0,0,0.00,0.00,0,-5746
3251,0.00,0.00,17.60,50.00,0.00,1.15,0.58,0.00,0.00,0.0000,6.0000,0.00,0.00,0,0,0.00,0.00,0,-4490
3451,0.00,0.00,13.20,0.00,0.00,0.86,0.43,0.00,0.00,0.0000,6.0000,0.00,0.00,0,0,0.00,0.00,0,-2609
3651,0.00,0.00,9.90,0.00,0.00,0.65,0.32,0.00,0.00,0.0000,6.0000,0.00,0.00,0,0,0.00,0.00,0,-753
3851,0.00,0.00,19.93,50.00,0.00,1.30,0.65,0.00,0.00,0.0000,6.0000,0.00,0.00,0,0,0.00,0.00,0,-7
4051,0.00,0.00,14.94,0.00,0.00,0.98,0.49,0.00,0.00,0.0000,6.0000,0.00,0.00,0,0,0.00,0.00,0,0
4251,0.00,0.00,11.21,0.00,0.00,0.73,0.37,0.00,0.00,0.0000,6.0000,0.00,0.00,0,0,0.00,0.00,0,0
4451,0.00,0.00,8.41,0.00,0.00,0.55,0.28,0.00,0.00,0.0000,6.0000,0.00,0.00,0,0,0.00,0.00,0,0
4651,0.00,0.00,6.30,0.00,0.00,0.41,0.21,0.00,0.00,0.0000,6.0000,0.00,0.00,0,0,0.00,0.00,0,0
4851,0.00,0.00,4.73,0.00,0.00,0.31,0.15,0.00,0.00,0.0000,6.0000,0.00,0.00,0,0,0.00,0.00,0,0
5051,0.00,0.00,3.55,0.00,0.00,0.23,0.12,0.00,0.00,0.0000,6.0000,0.00,0.00,0,0,0.00,0.00,0,0
5251,0.00,0.00,2.66,0.00,0.00,0.17,0.09,0.00,0.00,0.0000,6.0000,0.00,0.00,0,0,0.00,0.00,0,0
5451,0.00,0.00,1.99,0.00,0.00,0.13,0.07,0.00,0.00,0.0000,6.0000,0.00,0.00,0,0,0.00,0.00,0,0
5651,0.00,0.00,1.50,0.00,0.00,0.10,0.05,0.00,0.00,0.0000,6.0000,0.00,0.00,0,0,0.00,0.00,0,0
5851,0.00,0.00,1.12,0.00,0.00,0.07,0.04,0.00,0.00,0.0000,6.0000,0.00,0.00,0,0,0.00,0.00,0,0
6051,0.00,0.00,0.84,0.00,0.00,0.06,0.03,0.00,0.00,0.0000,6.0000,0.00,0.00,0,0,0.00,0.00,0,0
6251,0.00,0.00,0.63,0.00,0.00,0.04,0.02,0.00,0.00,0.0000,6.0000,0.00,0.00,0,0,0.00,0.00,0,0
6451,0.00,0.00,0.47,0.00,0.00,0.03,0.02,0.00,0.00,0.0000,6.0000,0.00,0.00,0,0,0.00,0.00,0,0
6651,0.00,0.00,0.36,0.00,0.00,0.02,0.01,0.00,0.00,0.0000,6.0000,0.00,0.00,0,0,0.00,0.00,0,0
6851,0.00,0.00,0.27,0.00,0.00,0.02,0.01,0.00,0.00,0.0000,6.0000,0.00,0.00,0,0,0.00,0.00,0,0
7051,0.00,0.00,0.20,0.00,0.00,0.01,0.01,0.00,0.00,0.0000,6.0000,0.00,0.00,0,0,0.00,0.00,0,0
7251,0.00,0.00,0.15,0.00,0.00,0.01,0.00,0.00,0.00,0.0000,6.0000,0.00,0.00,0,0,0.00,0.00,0,0
7451,0.00,0.00,0.11,0.00,0.00,0.01,0.00,0.00,0.00,0.0000,6.0000,0.00,0.00,0,0,0.00,0.00,0,0
7651,0.00,0.00,0.08,0.00,0.00,0.01,0.00,0.00,0.00,0.0000,6.0000,0.00,0.00,0,0,0.00,0.00,0,0
7851,0.00,0.00,0.06,0.00,0.00,0.00,0.00,0.00,0.00,0.0000,6.0000,0.00,0.00,0,0,0.00,0.00,0,0
8051,0.00,0.00,12.55,50.00,0.00,0.82,0.41,0.00,0.00,0.0000,6.0000,0.00,0.00,0,0,0.00,0.00,0,-1230
8251,0.00,0.00,21.91,50.00,0.00,1.43,0.72,0.00,0.00,0.0000,6.0000,0.00,0.00,0,0,0.00,0.00,0,-1326
8451,0.00,0.00,16.43,0.00,0.00,1.08,0.54,0.00,0.00,0.0000,6.0000,0.00,0.00,0,0,0.00,0.00,0,-989
8651,0.00,0.00,12.32,0.00,0.00,0.81,0.40,0.00,0.00,0.0000,6.0000,0.00,0.00,0,0,0.00,0.00,0,-339
8851,0.00,0.00,9.24,0.00,0.00,0.60,0.30,0.00,0.00,0.0000,6.0000,0.00,0.00,0,0,0.00,0.00,0,0
9051,0.00,0.00,6.93,0.00,0.00,0.45,0.23,0.00,0.00,0.0000,6.0000,0.00,0.00,0,0,0.00,0.00,0,0
9251,0.00,0.00,5.20,0.00,0.00,0.34,0.17,0.00,0.00,0.0000,6.0000,0.00,0.00,0,0,0.00,0.00,0,0
9451,0.00,0.00,3.90,0.00,0.00,0.26,0.13,0.00,0.00,0.0000,6.0000,0.00,0.00,0,0,0.00,0.00,0,0
9651,0.00,0.00,2.92,0.00,0.00,0.19,0.10,0.00,0.00,0.0000,6.0000,0.00,0.00,0,0,0.00,0.00,0,0
9851,0.00,0.00,2.19,0.00,0.00,0.14,0.07,0.00,0.00,0.0000,6.0000,0.00,0.00,0,0,0.00,0.00,0,-1
10051,0.00,0.00,1.65,0.00,0.00,0.11,0.05,0.00,0.00,0.0000,6.0000,0.00,0.00,0,0,0.00,0.00,0,0
10251,0.00,0.00,26.23,100.00,0.00,1.72,0.86,0.00,0.00,0.0000,6.0000,0.00,0.00,0,0,0.00,0.00,0,-745
10451,0.00,0.00,19.68,0.00,0.00,1.29,0.64,0.00,0.00,0.0000,6.0000,0.00,0.00,0,0,0.00,0.00,0,-508
10651,0.00,0.00,14.76,0.00,0.00,0.97,0.48,0.00,0.00,0.0000,6.0000,0.00,0.00,0,0,0.00,0.00,0,-68
10851,0.00,0.00,11.07,0.00,0.00,0.72,0.36,0.00,0.00,0.0000,6.0000,0.00,0.00,0,0,0.00,0.00,0,0
11051,0.00,0.00,8.30,0.00,0.00,0.54,0.27,0.00,0.00,0.0000,6.0000,0.00,0.00,0,0,0.00,0.00,0,0
11251,0.00,0.00,6.23,0.00,0.00,0.41,0.20,0.00,0.00,0.0000,6.0000,0.00,0.00,0,0,0.00,0.00,0,0
11451,0.00,0.00,4.67,0.00,0.00,0.31,0.15,0.00,0.00,0.0000,6.0000,0.00,0.00,0,0,0.00,0.00,0,0
11651,0.00,0.00,3.50,0.00,0.00,0.23,0.11,0.00,0.00,0.0000,6.0000,0.00,0.00,0,0,0.00,0.00,0,0
11851,0.00,0.00,2.63,0.00,0.00,0.17,0.09,0.00,0.00,0.0000,6.0000,0.00,0.00,0,0,0.00,0.00,0,0
12051,0.00,0.00,1.97,0.00,0.00,0.13,0.06,0.00,0.00,0.0000,6.0000,0.00,0.00,0,0,0.00,0.00,0,0
12251,0.00,0.00,1.48,0.00,0.00,0.10,0.05,0.00,0.00,0.0000,6.0000,0.00,0.00,0,0,0.00,0.00,0,-1
12451,0.00,0.00,1.11,0.00,0.00,0.07,0.04,0.00,0.00,0.0000,6.0000,0.00,0.00,0,0,0.00,0.00,0,-49
12651,0.00,0.00,0.83,0.00,0.00,0.05,0.03,0.00,0.00,0.0000,6.0000,0.00,0.00,0,0,0.00,0.00,0,0
12851,0.00,0.00,0.62,0.00,0.00,0.04,0.02,0.00,0.00,0.0000,6.0000,0.00,0.00,0,0,0.00,0.00,0,0
13051,0.00,0.00,0.47,0.00,0.00,0.03,0.02,0.00,0.00,0.0000,6.0000,0.00,0.00,0,0,0.00,0.00,0,-64
13251,0.00,0.00,0.35,0.00,0.00,0.02,0.01,0.00,0.00,0.0000,6.0000,0.00,0.00,0,0,0.00,0.00,0,-80
13451,0.00,0.00,0.26,0.00,0.00,0.02,0.01,0.00,0.00,0.0000,6.0000,0.00,0.00,0,0,0.00,0.00,0,-110
13651,0.00,0.00,0.20,0.00,0.00,0.01,0.01,0.00,0.00,0.0000,6.0000,0.00,0.00,0,0,0.00,0.00,0,-57
13851,0.00,0.00,0.15,0.00,0.00,0.01,0.00,0.00,0.00,0.0000,6.0000,0.00,0.00,0,0,0.00,0.00,0,-117
14051,0.00,0.00,0.11,0.00,0.00,0.01,0.00,0.00,0.00,0.0000,6.0000,0.00,0.00,0,0,0.00,0.00,0,7
14251,0.00,0.00,0.08,0.00,0.00,0.01,0.00,0.00,0.00,0.0000,6.0000,0.00,0.00,0,0,0.00,0.00,0,-1
14451,0.00,0.00,0.06,0.00,0.00,0.00,0.00,0.00,0.00,0.0000,6.0000,0.00,0.00,0,0,0.00,0.00,0,0
14651,0.00,0.00,0.05,0.00,0.00,0.00,0.00,0.00,0.00,0.0000,6.0000,0.00,0.00,0,0,0.00,0.00,0,-25
14851,0.00,0.00,0.04,0.00,0.00,0.00,0.00,0.00,0.00,0.0000,6.0000,0.00,0.00,0,0,0.00,0.00,0,0
15051,0.00,0.00,0.03,0.00,0.00,0.00,0.00,0.00,0.00,0.0000,6.0000,0.00,0.00,0,0,0.00,0.00,0,0
15251,0.00,0.00,0.02,0.00,0.00,0.00,0.00,0.00,0.00,0.0000,6.0000,0.00,0.00,0,0,0.00,0.00,0,0
15451,0.00,0.00,0.01,0.00,0.00,0.00,0.00,0.00,0.00,0.0000,6.0000,0.00,0.00,0,0,0.00,0.00,0,0
15651,0.00,0.00,0.01,0.00,0.00,0.00,0.00,0.00,0.00,0.0000,6.0000,0.00,0.00,0,0,0.00,0.00,0,0
15851,0.00,0.00,0.01,0.00,0.00,0.00,0.00,0.00,0.00,0.0000,6.0000,0.00,0.00,0,0,0.00,0.00,0,-26
16051,0.00,0.00,0.01,0.00,0.00,0.00,0.00,0.00,0.00,0.0000,6.0000,0.00,0.00,0,0,0.00,0.00,0,0
16251,0.00,0.00,0.00,0.00,0.00,0.00,0.00,0.00,0.00,0.0000,6.0000,0.00,0.00,0,0,0.00,0.00,0,0
16451,0.00,0.00,0.00,0.00,0.00,0.00,0.00,0.00,0.00,0.0000,6.0000,0.00,0.00,0,0,0.00,0.00,0,0
16651,0.00,0.00,0.00,0.00,0.00,0.00,0.00,0.00,0.00,0.0000,6.0000,0.00,0.00,0,0,0.00,0.00,0,2
16851,0.00,0.00,0.00,0.00,0.00,0.00,0.00,0.00,0.00,0.0000,6.0000,0.00,0.00,0,0,0.00,0.00,0,0
17051,0.00,0.00,0.00,0.00,0.00,0.00,0.00,0.00,0.00,0.0000,6.0000,0.00,0.00,0,0,0.00,0.00,0,0
17251,0.00,0.00,0.00,0.00,0.00,0.00,0.00,0.00,0.00,0.0000,6.0000,0.00,0.00,0,0,0.00,0.00,0,0
17451,0.00,0.00,0.00,0.00,0.00,0.00,0.00,0.00,0.00,0.0000,6.0000,0.00,0.00,0,0,0.00,0.00,0,0
17651,0.00,0.00,0.00,0.00,0.00,0.00,0.00,0.00,0.00,0.0000,6.0000,0.00,0.00,0,0,0.00,0.00,0,1
17851,0.00,0.00,0.00,0.00,0.00,0.00,0.00,0.00,0.00,0.0000,6.0000,0.00,0.00,0,0,0.00,0.00,0,12
18051,0.00,0.00,0.00,0.00,0.00,0.00,0.00,0.00,0.00,0.0000,6.0000,0.00,0.00,0,0,0.00,0.00,0,0
18251,0.00,0.00,0.00,0.00,0.00,0.00,0.00,0.00,0.00,0.0000,6.0000,0.00,0.00,0,0,0.00,0.00,0,1
18451,0.00,0.00,0.00,0.00,0.00,0.00,0.00,0.00,0.00,0.0000,6.0000,0.00,0.00,0,0,0.00,0.00,0,0
18651,0.00,0.00,0.00,0.00,0.00,0.00,0.00,0.00,0.00,0.0000,6.0000,0.00,0.00,0,0,0.00,0.00,0,59
18851,0.00,0.00,0.00,0.00,0.00,0.00,0.00,0.00,0.00,0.0000,6.0000,0.00,0.00,0,0,0.00,0.00,0,114
19051,0.00,0.00,0.00,0.00,0.00,0.00,0.00,0.00,0.00,0.0000,6.0000,0.00,0.00,0,0,0.00,0.00,0,110
19251,0.00,0.00,0.00,0.00,0.00,0.00,0.00,0.00,0.00,0.0000,6.0000,0.00,0.00,0,0,0.00,0.00,0,173
19451,0.00,0.00,0.00,0.00,0.00,0.00,0.00,0.00,0.00,0.0000,6.0000,0.00,0.00,0,0,0.00,0.00,0,151
19651,0.00,0.00,0.00,0.00,0.00,0.00,0.00,0.00,0.00,0.0000,6.0000,0.00,0.00,0,0,0.00,0.00,0,108
19851,0.00,0.00,0.00,0.00,0.00,0.00,0.00,0.00,0.00,0.0000,6.0000,0.00,0.00,0,0,0.00,0.00,0,0
20051,0.00,0.00,0.00,0.00,0.00,0.00,0.00,0.00,0.00,0.0000,6.0000,0.00,0.00,0,0,0.00,0.00,0,0
20251,0.00,0.00,0.00,0.00,0.00,0.00,0.00,0.00,0.00,0.0000,6.0000,0.00,0.00,0,0,0.00,0.00,0,1
20451,0.00,0.00,0.00,0.00,0.00,0.00,0.00,0.00,0.00,0.0000,6.0000,0.00,0.00,0,0,0.00,0.00,0,170
20651,0.00,0.00,0.00,0.00,0.00,0.00,0.00,0.00,0.00,0.0000,6.0000,0.00,0.00,0,0,0.00,0.00,0,0
20851,0.00,0.00,0.00,0.00,0.00,0.00,0.00,0.00,0.00,0.0000,6.0000,0.00,0.00,0,0,0.00,0.00,0,0
21051,0.00,0.00,12.50,50.00,0.00,0.82,0.41,0.00,0.00,0.0000,6.0000,0.00,0.00,0,0,0.00,0.00,0,-6
21251,0.00,0.00,21.88,50.00,0.00,1.43,0.72,0.00,0.00,0.0000,6.0000,0.00,0.00,0,0,0.00,0.00,0,-52
21451,0.00,0.00,16.41,0.00,0.00,1.07,0.54,0.00,0.00,0.0000,6.0000,0.00,0.00,0,0,0.00,0.00,0,0
21651,0.00,0.00,12.30,0.00,0.00,0.81,0.40,0.00,0.00,0.0000,6.0000,0.00,0.00,0,0,0.00,0.00,0,0
21851,0.00,0.00,9.23,0.00,0.00,0.60,0.30,0.00,0.00,0.0000,6.0000,0.00,0.00,0,0,0.00,0.00,0,0
22051,0.00,0.00,31.92,100.00,0.00,2.09,1.04,0.00,0.00,0.0000,6.0000,0.00,0.00,0,0,0.00,0.00,0,-1377
22251,0.00,0.00,23.94,0.00,0.00,1.57,0.78,0.00,0.00,0.0000,6.0000,0.00,0.00,0,0,0.00,0.00,0,-1213
22451,0.00,0.00,17.96,0.00,0.00,1.18,0.59,0.00,0.00,0.0000,6.0000,0.00,0.00,0,0,0.00,0.00,0,-371
22651,0.00,0.00,13.47,0.00,0.00,0.88,0.44,0.00,0.00,0.0000,6.0000,0.00,0.00,0,0,0.00,0.00,0,0
22851,0.00,0.00,10.10,0.00,0.00,0.66,0.33,0.00,0.00,0.0000,6.0000,0.00,0.00,0,0,0.00,0.00,0,0
23051,0.00,0.00,7.58,0.00,0.00,0.50,0.25,0.00,0.00,0.0000,6.0000,0.00,0.00,0,0,0.00,0.00,0,0
23251,0.00,0.00,18.18,50.00,0.00,1.19,0.59,0.00,0.00,0.0000,6.0000,0.00,0.00,0,0,0.00,0.00,0,-310
23451,0.00,0.00,26.14,50.00,0.00,1.71,0.86,0.00,0.00,0.0000,6.0000,0.00,0.00,0,0,0.00,0.00,0,-40
23651,0.00,0.00,19.60,0.00,0.00,1.28,0.64,0.00,0.00,0.0000,6.0000,0.00,0.00,0,0,0.00,0.00,0,0
23851,0.00,0.00,14.70,0.00,0.00,0.96,0.48,0.00,0.00,0.0000,6.0000,0.00,0.00,0,0,0.00,0.00,0,0
24051,0.00,0.00,11.03,0.00,0.00,0.72,0.36,0.00,0.00,0.0000,6.0000,0.00,0.00,0,0,0.00,0.00,0,0
24251,0.00,0.00,33.27,100.00,0.00,2.18,1.09,0.00,0.00,0.0000,6.0000,0.00,0.00,0,0,0.00,0.00,0,-993
24451,0.00,0.00,24.95,0.00,0.00,1.63,0.82,0.00,0.00,0.0000,6.0000,0.00,0.00,0,0,0.00,0.00,0,-571
24651,0.00,0.00,18.71,0.00,0.00,1.22,0.61,0.00,0.00,0.0000,6.0000,0.00,0.00,0,0,0.00,0.00,0,0
24851,0.00,0.00,14.04,0.00,0.00,0.92,0.46,0.00,0.00,0.0000,6.0000,0.00,0.00,0,0,0.00,0.00,0,0
25051,0.00,0.00,10.53,0.00,0.00,0.69,0.34,0.00,0.00,0.0000,6.0000,0.00,0.00,0,0,0.00,0.00,0,0
25251,0.00,0.00,7.90,0.00,0.00,0.52,0.26,0.00,0.00,0.0000,6.0000,0.00,0.00,0,0,0.00,0.00,0,-1
25451,0.00,0.00,5.92,0.00,0.00,0.39,0.19,0.00,0.00,0.0000,6.0000,0.00,0.00,0,0,0.00,0.00,0,0
25651,0.00,0.00,4.44,0.00,0.00,0.29,0.15,0.00,0.00,0.0000,6.0000,0.00,0.00,0,0,0.00,0.00,0,0
25851,0.00,0.00,3.33,0.00,0.00,0.22,0.11,0.00,0.00,0.0000,6.0000,0.00,0.00,0,0,0.00,0.00,0,0
26051,0.00,0.00,27.50,100.00,0.00,1.80,0.90,0.00,0.00,0.0000,6.0000,0.00,0.00,0,0,0.00,0.00,0,-564
26251,0.00,0.00,20.62,0.00,0.00,1.35,0.67,0.00,0.00,0.0000,6.0000,0.00,0.00,0,0,0.00,0.00,0,-207
26451,0.00,0.00,15.47,0.00,0.00,1.01,0.51,0.00,0.00,0.0000,6.0000,0.00,0.00,0,0,0.00,0.00,0,0
26651,0.00,0.00,11.60,0.00,0.00,0.76,0.38,0.00,0.00,0.0000,6.0000,0.00,0.00,0,0,0.00,0.00,0,0
26851,0.00,0.00,8.70,0.00,0.00,0.57,0.28,0.00,0.00,0.0000,6.0000,0.00,0.00,0,0,0.00,0.00,0,0
27051,0.00,0.00,6.53,0.00,0.00,0.43,0.21,0.00,0.00,0.0000,6.0000,0.00,0.00,0,0,0.00,0.00,0,0
27251,0.00,0.00,4.89,0.00,0.00,0.32,0.16,0.00,0.00,0.0000,6.0000,0.00,0.00,0,0,0.00,0.00,0,0
27451,0.00,0.00,3.67,0.00,0.00,0.24,0.12,0.00,0.00,0.0000,6.0000,0.00,0.00,0,0,0.00,0.00,0,0
27651,0.00,0.00,2.75,0.00,0.00,0.18,0.09,0.00,0.00,0.0000,6.0000,0.00,0.00,0,0,0.00,0.00,0,-37
27851,0.00,0.00,2.06,0.00,0.00,0.14,0.07,0.00,0.00,0.0000,6.0000,0.00,0.00,0,0,0.00,0.00,0,-113
28051,0.00,0.00,1.55,0.00,0.00,0.10,0.05,0.00,0.00,0.0000,6.0000,0.00,0.00,0,0,0.00,0.00,0,-92
28251,0.00,0.00,1.16,0.00,0.00,0.08,0.04,0.00,0.00,0.0000,6.0000,0.00,0.00,0,0,0.00,0.00,0,-134
28451,0.00,0.00,0.87,0.00,0.00,0.06,0.03,0.00,0.00,0.0000,6.0000,0.00,0.00,0,0,0.00,0.00,0,-149
28651,0.00,0.00,0.65,0.00,0.00,0.04,0.02,0.00,0.00,0.0000,6.0000,0.00,0.00,0,0,0.00,0.00,0,0
28851,0.00,0.00,0.49,0.00,0.00,0.03,0.02,0.00,0.00,0.0000,6.0000,0.00,0.00,0,0,0.00,0.00,0,0
29051,0.00,0.00,0.37,0.00,0.00,0.02,0.01,0.00,0.00,0.0000,6.0000,0.00,0.00,0,0,0.00,0.00,0,1
29251,0.00,0.00,0.28,0.00,0.00,0.02,0.01,0.00,0.00,0.0000,6.0000,0.00,0.00,0,0,0.00,0.00,0,0
29451,0.00,0.00,0.21,0.00,0.00,0.01,0.01,0.00,0.00,0.0000,6.0000,0.00,0.00,0,0,0.00,0.00,0,0
29651,0.00,0.00,0.16,0.00,0.00,0.01,0.01,0.00,0.00,0.0000,6.0000,0.00,0.00,0,0,0.00,0.00,0,0
29851,0.00,0.00,0.12,0.00,0.00,0.01,0.00,0.00,0.00,0.0000,6.0000,0.00,0.00,0,0,0.00,0.00,0,90
30051,0.00,0.00,0.09,0.00,0.00,0.01,0.00,0.00,0.00,0.0000,6.0000,0.00,0.00,0,0,0.00,0.00,0,82
30251,0.00,0.00,0.07,0.00,0.00,0.00,0.00,0.00,0.00,0.0000,6.0000,0.00,0.00,0,0,0.00,0.00,0,107
30451,0.00,0.00,0.05,0.00,0.00,0.00,0.00,0.00,0.00,0.0000,6.0000,0.00,0.00,0,0,0.00,0.00,0,141
30651,0.00,0.00,0.04,0.00,0.00,0.00,0.00,0.00,0.00,0.0000,6.0000,0.00,0.00,0,0,0.00,0.00,0,217
30851,0.00,0.00,0.03,0.00,0.00,0.00,0.00,0.00,0.00,0.0000,6.0000,0.00,0.00,0,0,0.00,0.00,0,144
31051,0.00,0.00,0.02,0.00,0.00,0.00,0.00,0.00,0.00,0.0000,6.0000,0.00,0.00,0,0,0.00,0.00,0,0
31251,0.00,0.00,0.02,0.00,0.00,0.00,0.00,0.00,0.00,0.0000,6.0000,0.00,0.00,0,0,0.00,0.00,0,0
31451,0.00,0.00,0.01,0.00,0.00,0.00,0.00,0.00,0.00,0.0000,6.0000,0.00,0.00,0,0,0.00,0.00,0,0
31651,0.00,0.00,0.01,0.00,0.00,0.00,0.00,0.00,0.00,0.0000,6.0000,0.00,0.00,0,0,0.00,0.00,0,0
31851,0.00,0.00,0.01,0.00,0.00,0.00,0.00,0.00,0.00,0.0000,6.0000,0.00,0.00,0,0,0.00,0.00,0,0
32051,0.00,0.00,0.00,0.00,0.00,0.00,0.00,0.00,0.00,0.0000,6.0000,0.00,0.00,0,0,0.00,0.00,0,-1
32251,0.00,0.00,0.00,0.00,0.00,0.00,0.00,0.00,0.00,0.0000,6.0000,0.00,0.00,0,0,0.00,0.00,0,-3
32451,0.00,0.00,0.00,0.00,0.00,0.00,0.00,0.00,0.00,0.0000,6.0000,0.00,0.00,0,0,0.00,0.00,0,-303
32651,0.00,0.00,0.00,0.00,0.00,0.00,0.00,0.00,0.00,0.0000,6.0000,0.00,0.00,0,0,0.00,0.00,0,-21
32851,0.00,0.00,0.00,0.00,0.00,0.00,0.00,0.00,0.00,0.0000,6.0000,0.00,0.00,0,0,0.00,0.00,0,0
33051,0.00,0.00,0.00,0.00,0.00,0.00,0.00,0.00,0.00,0.0000,6.0000,0.00,0.00,0,0,0.00,0.00,0,0
33251,0.00,0.00,0.00,0.00,0.00,0.00,0.00,0.00,0.00,0.0000,6.0000,0.00,0.00,0,0,0.00,0.00,0,0
33451,0.00,0.00,0.00,0.00,0.00,0.00,0.00,0.00,0.00,0.0000,6.0000,0.00,0.00,0,0,0.00,0.00,0,0
33651,0.00,0.00,0.00,0.00,0.00,0.00,0.00,0.00,0.00,0.0000,6.0000,0.00,0.00,0,0,0.00,0.00,0,0
33851,0.00,0.00,0.00,0.00,0.00,0.00,0.00,0.00,0.00,0.0000,6.0000,0.00,0.00,0,0,0.00,0.00,0,0
34051,0.00,0.00,0.00,0.00,0.00,0.00,0.00,0.00,0.00,0.0000,6.0000,0.00,0.00,0,0,0.00,0.00,0,0
34251,0.00,0.00,0.00,0.00,0.00,0.00,0.00,0.00,0.00,0.0000,6.0000,0.00,0.00,0,0,0.00,0.00,0,-63
34451,0.00,0.00,0.00,0.00,0.00,0.00,0.00,0.00,0.00,0.0000,6.0000,0.00,0.00,0,0,0.00,0.00,0,-138
34651,0.00,0.00,0.00,0.00,0.00,0.00,0.00,0.00,0.00,0.0000,6.0000,0.00,0.00,0,0,0.00,0.00,0,-178
34851,0.00,0.00,0.00,0.00,0.00,0.00,0.00,0.00,0.00,0.0000,6.0000,0.00,0.00,0,0,0.00,0.00,0,-266
35051,0.00,0.00,0.00,0.00,0.00,0.00,0.00,0.00,0.00,0.0000,6.0000,0.00,0.00,0,0,0.00,0.00,0,-576
35251,0.00,0.00,0.00,0.00,0.00,0.00,0.00,0.00,0.00,0.0000,6.0000,0.00,0.00,0,0,0.00,0.00,0,-560
35451,0.00,0.00,0.00,0.00,0.00,0.00,0.00,0.00,0.00,0.0000,6.0000,0.00,0.00,0,0,0.00,0.00,0,0
35651,0.00,0.00,0.00,0.00,0.00,0.00,0.00,0.00,0.00,0.0000,6.0000,0.00,0.00,0,0,0.00,0.00,0,-227
35851,0.00,0.00,0.00,0.00,0.00,0.00,0.00,0.00,0.00,0.0000,6.0000,0.00,0.00,0,0,0.00,0.00,0,-371
36051,0.00,0.00,0.00,0.00,0.00,0.00,0.00,0.00,0.00,0.0000,6.0000,0.00,0.00,0,0,0.00,0.00,0,-1
36251,0.00,0.00,0.00,0.00,0.00,0.00,0.00,0.00,0.00,0.0000,6.0000,0.00,0.00,0,0,0.00,0.00,0,-340
36451,0.00,0.00,0.00,0.00,0.00,0.00,0.00,0.00,0.00,0.0000,6.0000,0.00,0.00,0,0,0.00,0.00,0,-22
36651,0.00,0.00,0.00,0.00,0.00,0.00,0.00,0.00,0.00,0.0000,6.0000,0.00,0.00,0,0,0.00,0.00,0,-297
36851,0.00,0.00,0.00,0.00,0.00,0.00,0.00,0.00,0.00,0.0000,6.0000,0.00,0.00,0,0,0.00,0.00,0,0
37051,0.00,0.00,0.00,0.00,0.00,0.00,0.00,0.00,0.00,0.0000,6.0000,0.00,0.00,0,0,0.00,0.00,0,0
37251,0.00,0.00,0.00,0.00,0.00,0.00,0.00,0.00,0.00,0.0000,6.0000,0.00,0.00,0,0,0.00,0.00,0,0
37451,0.00,0.00,0.00,0.00,0.00,0.00,0.00,0.00,0.00,0.0000,6.0000,0.00,0.00,0,0,0.00,0.00,0,0
37651,0.00,0.00,0.00,0.00,0.00,0.00,0.00,0.00,0.00,0.0000,6.0000,0.00,0.00,0,0,0.00,0.00,0,0
37851,0.00,0.00,0.00,0.00,0.00,0.00,0.00,0.00,0.00,0.0000,6.0000,0.00,0.00,0,0,0.00,0.00,0,0
38051,0.00,0.00,0.00,0.00,0.00,0.00,0.00,0.00,0.00,0.0000,6.0000,0.00,0.00,0,0,0.00,0.00,0,0
38251,0.00,0.00,0.00,0.00,0.00,0.00,0.00,0.00,0.00,0.0000,6.0000,0.00,0.00,0,0,0.00,0.00,0,0
38451,0.00,0.00,0.00,0.00,0.00,0.00,0.00,0.00,0.00,0.0000,6.0000,0.00,0.00,0,0,0.00,0.00,0,0
38651,0.00,0.00,0.00,0.00,0.00,0.00,0.00,0.00,0.00,0.0000,6.0000,0.00,0.00,0,0,0.00,0.00,0,0
38851,0.00,0.00,0.00,0.00,0.00,0.00,0.00,0.00,0.00,0.0000,6.0000,0.00,0.00,0,0,0.00,0.00,0,0
39051,0.00,0.00,0.00,0.00,0.00,0.00,0.00,0.00,0.00,0.0000,6.0000,0.00,0.00,0,0,0.00,0.00,0,0
39251,0.00,0.00,0.00,0.00,0.00,0.00,0.00,0.00,0.00,0.0000,6.0000,0.00,0.00,0,0,0.00,0.00,0,0
39451,0.00,0.00,0.00,0.00,0.00,0.00,0.00,0.00,0.00,0.0000,6.0000,0.00,0.00,0,0,0.00,0.00,0,0
39651,0.00,0.00,0.00,0.00,0.00,0.00,0.00,0.00,0.00,0.0000,6.0000,0.00,0.00,0,0,0.00,0.00,0,0
39851,0.00,0.00,0.00,0.00,0.00,0.00,0.00,0.00,0.00,0.0000,6.0000,0.00,0.00,0,0,0.00,0.00,0,0
40051,0.00,0.00,0.00,0.00,0.00,0.00,0.00,0.00,0.00,0.0000,6.0000,0.00,0.00,0,0,0.00,0.00,0,0
40251,0.00,0.00,0.00,0.00,0.00,0.00,0.00,0.00,0.00,0.0000,6.0000,0.00,0.00,0,0,0.00,0.00,0,0
40451,0.00,0.00,0.00,0.00,0.00,0.00,0.00,0.00,0.00,0.0000,6.0000,0.00,0.00,0,0,0.00,0.00,0,0
40651,0.00,0.00,0.00,0.00,0.00,0.00,0.00,0.00,0.00,0.0000,6.0000,0.00,0.00,0,0,0.00,0.00,0,0
40851,0.00,0.00,0.00,0.00,0.00,0.00,0.00,0.00,0.00,0.0000,6.0000,0.00,0.00,0,0,0.00,0.00,0,0
41051,0.00,0.00,0.00,0.00,0.00,0.00,0.00,0.00,0.00,0.0000,6.0000,0.00,0.00,0,0,0.00,0.00,0,0
41251,0.00,0.00,0.00,0.00,0.00,0.00,0.00,0.00,0.00,0.0000,6.0000,0.00,0.00,0,0,0.00,0.00,0,0
41451,0.00,0.00,0.00,0.00,0.00,0.00,0.00,0.00,0.00,0.0000,6.0000,0.00,0.00,0,0,0.00,0.00,0,0
41651,0.00,0.00,0.00,0.00,0.00,0.00,0.00,0.00,0.00,0.0000,6.0000,0.00,0.00,0,0,0.00,0.00,0,0
41851,0.00,0.00,0.00,0.00,0.00,0.00,0.00,0.00,0.00,0.0000,6.0000,0.00,0.00,0,0,0.00,0.00,0,0
42051,0.00,0.00,0.00,0.00,0.00,0.00,0.00,0.00,0.00,0.0000,6.0000,0.00,0.00,0,0,0.00,0.00,0,0
42251,0.00,0.00,0.00,0.00,0.00,0.00,0.00,0.00,0.00,0.0000,6.0000,0.00,0.00,0,0,0.00,0.00,0,0
42451,0.00,0.00,0.00,0.00,0.00,0.00,0.00,0.00,0.00,0.0000,6.0000,0.00,0.00,0,0,0.00,0.00,0,0
42651,0.00,0.00,0.00,0.00,0.00,0.00,0.00,0.00,0.00,0.0000,6.0000,0.00,0.00,0,0,0.00,0.00,0,0
42851,0.00,0.00,0.00,0.00,0.00,0.00,0.00,0.00,0.00,0.0000,6.0000,0.00,0.00,0,0,0.00,0.00,0,0
43051,0.00,0.00,0.00,0.00,0.00,0.00,0.00,0.00,0.00,0.0000,6.0000,0.00,0.00,0,0,0.00,0.00,0,0
43251,0.00,0.00,0.00,0.00,0.00,0.00,0.00,0.00,0.00,0.0000,6.0000,0.00,0.00,0,0,0.00,0.00,0,0
43451,0.00,0.00,0.00,0.00,0.00,0.00,0.00,0.00,0.00,0.0000,6.0000,0.00,0.00,0,0,0.00,0.00,0,0
43651,0.00,0.00,0.00,0.00,0.00,0.00,0.00,0.00,0.00,0.0000,6.0000,0.00,0.00,0,0,0.00,0.00,0,0
43851,0.00,0.00,0.00,0.00,0.00,0.00,0.00,0.00,0.00,0.0000,6.0000,0.00,0.00,0,0,0.00,0.00,0,0
44051,0.00,0.00,0.00,0.00,0.00,0.00,0.00,0.00,0.00,0.0000,6.0000,0.00,0.00,0,0,0.00,0.00,0,0
44251,0.00,0.00,0.00,0.00,0.00,0.00,0.00,0.00,0.00,0.0000,6.0000,0.00,0.00,0,0,0.00,0.00,0,0
44451,0.00,0.00,0.00,0.00,0.00,0.00,0.00,0.00,0.00,0.0000,6.0000,0.00,0.00,0,0,0.00,0.00,0,0
44651,0.00,0.00,0.00,0.00,0.00,0.00,0.00,0.00,0.00,0.0000,6.0000,0.00,0.00,0,0,0.00,0.00,0,0
44851,0.00,0.00,0.00,0.00,0.00,0.00,0.00,0.00,0.00,0.0000,6.0000,0.00,0.00,0,0,0.00,0.00,0,0
45051,0.00,0.00,0.00,0.00,0.00,0.00,0.00,0.00,0.00,0.0000,6.0000,0.00,0.00,0,0,0.00,0.00,0,0
45251,0.00,0.00,0.00,0.00,0.00,0.00,0.00,0.00,0.00,0.0000,6.0000,0.00,0.00,0,0,0.00,0.00,0,0
45451,0.00,0.00,0.00,0.00,0.00,0.00,0.00,0.00,0.00,0.0000,6.0000,0.00,0.00,0,0,0.00,0.00,0,0
45651,0.00,0.00,0.00,0.00,0.00,0.00,0.00,0.00,0.00,0.0000,6.0000,0.00,0.00,0,0,0.00,0.00,0,0
45851,0.00,0.00,0.00,0.00,0.00,0.00,0.00,0.00,0.00,0.0000,6.0000,0.00,0.00,0,0,0.00,0.00,0,0
46051,0.00,0.00,0.00,0.00,0.00,0.00,0.00,0.00,0.00,0.0000,6.0000,0.00,0.00,0,0,0.00,0.00,0,0
46251,0.00,0.00,0.00,0.00,0.00,0.00,0.00,0.00,0.00,0.0000,6.0000,0.00,0.00,0,0,0.00,0.00,0,0
46451,0.00,0.00,0.00,0.00,0.00,0.00,0.00,0.00,0.00,0.0000,6.0000,0.00,0.00,0,0,0.00,0.00,0,0
46651,0.00,0.00,0.00,0.00,0.00,0.00,0.00,0.00,0.00,0.0000,6.0000,0.00,0.00,0,0,0.00,0.00,0,0
46851,0.00,0.00,0.00,0.00,0.00,0.00,0.00,0.00,0.00,0.0000,6.0000,0.00,0.00,0,0,0.00,0.00,0,0
47051,0.00,0.00,0.00,0.00,0.00,0.00,0.00,0.00,0.00,0.0000,6.0000,0.00,0.00,0,0,0.00,0.00,0,0
47251,0.00,0.00,0.00,0.00,0.00,0.00,0.00,0.00,0.00,0.0000,6.0000,0.00,0.00,0,0,0.00,0.00,0,0
47451,0.00,0.00,0.00,0.00,0.00,0.00,0.00,0.00,0.00,0.0000,6.0000,0.00,0.00,0,0,0.00,0.00,0,0
47651,0.00,0.00,0.00,0.00,0.00,0.00,0.00,0.00,0.00,0.0000,6.0000,0.00,0.00,0,0,0.00,0.00,0,0
47851,0.00,0.00,0.00,0.00,0.00,0.00,0.00,0.00,0.00,0.0000,6.0000,0.00,0.00,0,0,0.00,0.00,0,0
48051,0.00,0.00,0.00,0.00,0.00,0.00,0.00,0.00,0.00,0.0000,6.0000,0.00,0.00,0,0,0.00,0.00,0,0
48251,0.00,0.00,0.00,0.00,0.00,0.00,0.00,0.00,0.00,0.0000,6.0000,0.00,0.00,0,0,0.00,0.00,0,0
48451,0.00,0.00,0.00,0.00,0.00,0.00,0.00,0.00,0.00,0.0000,6.0000,0.00,0.00,0,0,0.00,0.00,0,0
48651,0.00,0.00,0.00,0.00,0.00,0.00,0.00,0.00,0.00,0.0000,6.0000,0.00,0.00,0,0,0.00,0.00,0,0
48851,0.00,0.00,0.00,0.00,0.00,0.00,0.00,0.00,0.00,0.0000,6.0000,0.00,0.00,0,0,0.00,0.00,0,0
49051,0.00,0.00,0.00,0.00,0.00,0.00,0.00,0.00,0.00,0.0000,6.0000,0.00,0.00,0,0,0.00,0.00,0,0
49251,0.00,0.00,0.00,0.00,0.00,0.00,0.00,0.00,0.00,0.0000,6.0000,0.00,0.00,0,0,0.00,0.00,0,0
49451,0.00,0.00,0.00,0.00,0.00,0.00,0.00,0.00,0.00,0.0000,6.0000,0.00,0.00,0,0,0.00,0.00,0,0
49651,0.00,0.00,0.00,0.00,0.00,0.00,0.00,0.00,0.00,0.0000,6.0000,0.00,0.00,0,0,0.00,0.00,0,0
49851,0.00,0.00,0.00,0.00,0.00,0.00,0.00,0.00,0.00,0.0000,6.0000,0.00,0.00,0,0,0.00,0.00,0,0
50051,0.00,0.00,0.00,0.00,0.00,0.00,0.00,0.00,0.00,0.0000,6.0000,0.00,0.00,0,0,0.00,0.00,0,0
50251,0.00,0.00,0.00,0.00,0.00,0.00,0.00,0.00,0.00,0.0000,6.0000,0.00,0.00,0,0,0.00,0.00,0,0
50451,0.00,0.00,0.00,0.00,0.00,0.00,0.00,0.00,0.00,0.0000,6.0000,0.00,0.00,0,0,0.00,0.00,0,0
50651,0.00,0.00,0.00,0.00,0.00,0.00,0.00,0.00,0.00,0.0000,6.0000,0.00,0.00,0,0,0.00,0.00,0,0
50851,0.00,0.00,0.00,0.00,0.00,0.00,0.00,0.00,0.00,0.0000,6.0000,0.00,0.00,0,0,0.00,0.00,0,0
51051,0.00,0.00,0.00,0.00,0.00,0.00,0.00,0.00,0.00,0.0000,6.0000,0.00,0.00,0,0,0.00,0.00,0,0
51251,0.00,0.00,0.00,0.00,0.00,0.00,0.00,0.00,0.00,0.0000,6.0000,0.00,0.00,0,0,0.00,0.00,0,0
51451,0.00,0.00,0.00,0.00,0.00,0.00,0.00,0.00,0.00,0.0000,6.0000,0.00,0.00,0,0,0.00,0.00,0,0
51651,0.00,0.00,0.00,0.00,0.00,0.00,0.00,0.00,0.00,0.0000,6.0000,0.00,0.00,0,0,0.00,0.00,0,0
51851,0.00,0.00,0.00,0.00,0.00,0.00,0.00,0.00,0.00,0.0000,6.0000,0.00,0.00,0,0,0.00,0.00,0,0
52051,0.00,0.00,0.00,0.00,0.00,0.00,0.00,0.00,0.00,0.0000,6.0000,0.00,0.00,0,0,0.00,0.00,0,0
52251,0.00,0.00,0.00,0.00,0.00,0.00,0.00,0.00,0.00,0.0000,6.0000,0.00,0.00,0,0,0.00,0.00,0,0
52451,0.00,0.00,0.00,0.00,0.00,0.00,0.00,0.00,0.00,0.0000,6.0000,0.00,0.00,0,0,0.00,0.00,0,0
52651,0.00,0.00,0.00,0.00,0.00,0.00,0.00,0.00,0.00,0.0000,6.0000,0.00,0.00,0,0,0.00,0.00,0,0
52851,0.00,0.00,0.00,0.00,0.00,0.00,0.00,0.00,0.00,0.0000,6.0000,0.00,0.00,0,0,0.00,0.00,0,0
53051,0.00,0.00,0.00,0.00,0.00,0.00,0.00,0.00,0.00,0.0000,6.0000,0.00,0.00,0,0,0.00,0.00,0,0
53251,0.00,0.00,0.00,0.00,0.00,0.00,0.00,0.00,0.00,0.0000,6.0000,0.00,0.00,0,0,0.00,0.00,0,0
53451,0.00,0.00,0.00,0.00,0.00,0.00,0.00,0.00,0.00,0.0000,6.0000,0.00,0.00,0,0,0.00,0.00,0,0
53651,0.00,0.00,0.00,0.00,0.00,0.00,0.00,0.00,0.00,0.0000,6.0000,0.00,0.00,0,0,0.00,0.00,0,0
53851,0.00,0.00,0.00,0.00,0.00,0.00,0.00,0.00,0.00,0.0000,6.0000,0.00,0.00,0,0,0.00,0.00,0,0
54051,0.00,0.00,0.00,0.00,0.00,0.00,0.00,0.00,0.00,0.0000,6.0000,0.00,0.00,0,0,0.00,0.00,0,0
54251,0.00,0.00,0.00,0.00,0.00,0.00,0.00,0.00,0.00,0.0000,6.0000,0.00,0.00,0,0,0.00,0.00,0,0
54451,0.00,0.00,0.00,0.00,0.00,0.00,0.00,0.00,0.00,0.0000,6.0000,0.00,0.00,0,0,0.00,0.00,0,0
54651,0.00,0.00,0.00,0.00,0.00,0.00,0.00,0.00,0.00,0.0000,6.0000,0.00,0.00,0,0,0.00,0.00,0,0
54851,0.00,0.00,0.00,0.00,0.00,0.00,0.00,0.00,0.00,0.0000,6.0000,0.00,0.00,0,0,0.00,0.00,0,0
55051,0.00,0.00,0.00,0.00,0.00,0.00,0.00,0.00,0.00,0.0000,6.0000,0.00,0.00,0,0,0.00,0.00,0,0
55251,0.00,0.00,0.00,0.00,0.00,0.00,0.00,0.00,0.00,0.0000,6.0000,0.00,0.00,0,0,0.00,0.00,0,0
55451,0.00,0.00,0.00,0.00,0.00,0.00,0.00,0.00,0.00,0.0000,6.0000,0.00,0.00,0,0,0.00,0.00,0,0
55651,0.00,0.00,0.00,0.00,0.00,0.00,0.00,0.00,0.00,0.0000,6.0000,0.00,0.00,0,0,0.00,0.00,0,0
55851,0.00,0.00,0.00,0.00,0.00,0.00,0.00,0.00,0.00,0.0000,6.0000,0.00,0.00,0,0,0.00,0.00,0,0
56051,0.00,0.00,0.00,0.00,0.00,0.00,0.00,0.00,0.00,0.0000,6.0000,0.00,0.00,0,0,0.00,0.00,0,0
56251,0.00,0.00,0.00,0.00,0.00,0.00,0.00,0.00,0.00,0.0000,6.0000,0.00,0.00,0,0,0.00,0.00,0,0
56451,0.00,0.00,0.00,0.00,0.00,0.00,0.00,0.00,0.00,0.0000,6.0000,0.00,0.00,0,0,0.00,0.00,0,0
56651,0.00,0.00,0.00,0.00,0.00,0.00,0.00,0.00,0.00,0.0000,6.0000,0.00,0.00,0,0,0.00,0.00,0,0
56851,0.00,0.00,0.00,0.00,0.00,0.00,0.00,0.00,0.00,0.0000,6.0000,0.00,0.00,0,0,0.00,0.00,0,0
57051,0.00,0.00,0.00,0.00,0.00,0.00,0.00,0.00,0.00,0.0000,6.0000,0.00,0.00,0,0,0.00,0.00,0,0
57251,0.00,0.00,0.00,0.00,0.00,0.00,0.00,0.00,0.00,0.0000,6.0000,0.00,0.00,0,0,0.00,0.00,0,0
57451,0.00,0.00,0.00,0.00,0.00,0.00,0.00,0.00,0.00,0.0000,6.0000,0.00,0.00,0,0,0.00,0.00,0,0
57651,0.00,0.00,0.00,0.00,0.00,0.00,0.00,0.00,0.00,0.0000,6.0000,0.00,0.00,0,0,0.00,0.00,0,0
57851,0.00,0.00,0.00,0.00,0.00,0.00,0.00,0.00,0.00,0.0000,6.0000,0.00,0.00,0,0,0.00,0.00,0,0
58051,0.00,0.00,0.00,0.00,0.00,0.00,0.00,0.00,0.00,0.0000,6.0000,0.00,0.00,0,0,0.00,0.00,0,0
58251,0.00,0.00,0.00,0.00,0.00,0.00,0.00,0.00,0.00,0.0000,6.0000,0.00,0.00,0,0,0.00,0.00,0,0
58451,0.00,0.00,0.00,0.00,0.00,0.00,0.00,0.00,0.00,0.0000,6.0000,0.00,0.00,0,0,0.00,0.00,0,0
58651,0.00,0.00,0.00,0.00,0.00,0.00,0.00,0.00,0.00,0.0000,6.0000,0.00,0.00,0,0,0.00,0.00,0,0
58851,0.00,0.00,0.00,0.00,0.00,0.00,0.00,0.00,0.00,0.0000,6.0000,0.00,0.00,0,0,0.00,0.00,0,0
59051,0.00,0.00,0.00,0.00,0.00,0.00,0.00,0.00,0.00,0.0000,6.0000,0.00,0.00,0,0,0.00,0.00,0,0
59251,0.00,0.00,0.00,0.00,0.00,0.00,0.00,0.00,0.00,0.0000,6.0000,0.00,0.00,0,0,0.00,0.00,0,0
59451,0.00,0.00,0.00,0.00,0.00,0.00,0.00,0.00,0.00,0.0000,6.0000,0.00,0.00,0,0,0.00,0.00,0,0
59651,0.00,0.00,0.00,0.00,0.00,0.00,0.00,0.00,0.00,0.0000,6.0000,0.00,0.00,0,0,0.00,0.00,0,0
59851,0.00,0.00,0.00,0.00,0.00,0.00,0.00,0.00,0.00,0.0000,6.0000,0.00,0.00,0,0,0.00,0.00,0,0
60051,0.00,0.00,0.00,0.00,0.00,0.00,0.00,0.00,0.00,0.0000,6.0000,0.00,0.00,0,0,0.00,0.00,0,0
60251,0.00,0.00,0.00,0.00,0.00,0.00,0.00,0.00,0.00,0.0000,6.0000,0.00,0.00,0,0,0.00,0.00,0,0
60451,0.00,0.00,0.00,0.00,0.00,0.00,0.00,0.00,0.00,0.0000,6.0000,0.00,0.00,0,0,0.00,0.00,0,0
60651,0.00,0.00,0.00,0.00,0.00,0.00,0.00,0.00,0.00,0.0000,6.0000,0.00,0.00,0,0,0.00,0.00,0,0
60851,0.00,0.00,0.00,0.00,0.00,0.00,0.00,0.00,0.00,0.0000,6.0000,0.00,0.00,0,0,0.00,0.00,0,0
61051,0.00,0.00,0.00,0.00,0.00,0.00,0.00,0.00,0.00,0.0000,6.0000,0.00,0.00,0,0,0.00,0.00,0,0
61251,0.00,0.00,0.00,0.00,0.00,0.00,0.00,0.00,0.00,0.0000,6.0000,0.00,0.00,0,0,0.00,0.00,0,0
61451,0.00,0.00,0.00,0.00,0.00,0.00,0.00,0.00,0.00,0.0000,6.0000,0.00,0.00,0,0,0.00,0.00,0,0
61651,0.00,0.00,0.00,0.00,0.00,0.00,0.00,0.00,0.00,0.0000,6.0000,0.00,0.00,0,0,0.00,0.00,0,0
61851,0.00,0.00,0.00,0.00,0.00,0.00,0.00,0.00,0.00,0.0000,6.0000,0.00,0.00,0,0,0.00,0.00,0,0
62051,0.00,0.00,0.00,0.00,0.00,0.00,0.00,0.00,0.00,0.0000,6.0000,0.00,0.00,0,0,0.00,0.00,0,0
62251,0.00,0.00,0.00,0.00,0.00,0.00,0.00,0.00,0.00,0.0000,6.0000,0.00,0.00,0,0,0.00,0.00,0,0
62451,0.00,0.00,0.00,0.00,0.00,0.00,0.00,0.00,0.00,0.0000,6.0000,0.00,0.00,0,0,0.00,0.00,0,0
62651,0.00,0.00,0.00,0.00,0.00,0.00,0.00,0.00,0.00,0.0000,6.0000,0.00,0.00,0,0,0.00,0.00,0,0
62851,0.00,0.00,0.00,0.00,0.00,0.00,0.00,0.00,0.00,0.0000,6.0000,0.00,0.00,0,0,0.00,0.00,0,0
63051,0.00,0.00,0.00,0.00,0.00,0.00,0.00,0.00,0.00,0.0000,6.0000,0.00,0.00,0,0,0.00,0.00,0,0
63251,0.00,0.00,0.00,0.00,0.00,0.00,0.00,0.00,0.00,0.0000,6.0000,0.00,0.00,0,0,0.00,0.00,0,0
63451,0.00,0.00,0.00,0.00,0.00,0.00,0.00,0.00,0.00,0.0000,6.0000,0.00,0.00,0,0,0.00,0.00,0,0
63651,0.00,0.00,0.00,0.00,0.00,0.00,0.00,0.00,0.00,0.0000,6.0000,0.00,0.00,0,0,0.00,0.00,0,0
63851,0.00,0.00,0.00,0.00,0.00,0.00,0.00,0.00,0.00,0.0000,6.0000,0.00,0.00,0,0,0.00,0.00,0,0
64051,0.00,0.00,0.00,0.00,0.00,0.00,0.00,0.00,0.00,0.0000,6.0000,0.00,0.00,0,0,0.00,0.00,0,0
64251,0.00,0.00,0.00,0.00,0.00,0.00,0.00,0.00,0.00,0.0000,6.0000,0.00,0.00,0,0,0.00,0.00,0,0
64451,0.00,0.00,0.00,0.00,0.00,0.00,0.00,0.00,0.00,0.0000,6.0000,0.00,0.00,0,0,0.00,0.00,0,0
64651,0.00,0.00,0.00,0.00,0.00,0.00,0.00,0.00,0.00,0.0000,6.0000,0.00,0.00,0,0,0.00,0.00,0,0
64851,0.00,0.00,0.00,0.00,0.00,0.00,0.00,0.00,0.00,0.0000,6.0000,0.00,0.00,0,0,0.00,0.00,0,0
65051,0.00,0.00,0.00,0.00,0.00,0.00,0.00,0.00,0.00,0.0000,6.0000,0.00,0.00,0,0,0.00,0.00,0,0
65251,0.00,0.00,0.00,0.00,0.00,0.00,0.00,0.00,0.00,0.0000,6.0000,0.00,0.00,0,0,0.00,0.00,0,0
65451,0.00,0.00,0.00,0.00,0.00,0.00,0.00,0.00,0.00,0.0000,6.0000,0.00,0.00,0,0,0.00,0.00,0,0
65651,0.00,0.00,0.00,0.00,0.00,0.00,0.00,0.00,0.00,0.0000,6.0000,0.00,0.00,0,0,0.00,0.00,0,0
65851,0.00,0.00,0.00,0.00,0.00,0.00,0.00,0.00,0.00,0.0000,6.0000,0.00,0.00,0,0,0.00,0.00,0,0
66051,0.00,0.00,0.00,0.00,0.00,0.00,0.00,0.00,0.00,0.0000,6.0000,0.00,0.00,0,0,0.00,0.00,0,0
66251,0.00,0.00,0.00,0.00,0.00,0.00,0.00,0.00,0.00,0.0000,6.0000,0.00,0.00,0,0,0.00,0.00,0,0
66451,0.00,0.00,0.00,0.00,0.00,0.00,0.00,0.00,0.00,0.0000,6.0000,0.00,0.00,0,0,0.00,0.00,0,0
66651,0.00,0.00,0.00,0.00,0.00,0.00,0.00,0.00,0.00,0.0000,6.0000,0.00,0.00,0,0,0.00,0.00,0,0
66851,0.00,0.00,0.00,0.00,0.00,0.00,0.00,0.00,0.00,0.0000,6.0000,0.00,0.00,0,0,0.00,0.00,0,0
67051,0.00,0.00,0.00,0.00,0.00,0.00,0.00,0.00,0.00,0.0000,6.0000,0.00,0.00,0,0,0.00,0.00,0,0
67251,0.00,0.00,0.00,0.00,0.00,0.00,0.00,0.00,0.00,0.0000,6.0000,0.00,0.00,0,0,0.00,0.00,0,0
67451,0.00,0.00,0.00,0.00,0.00,0.00,0.00,0.00,0.00,0.0000,6.0000,0.00,0.00,0,0,0.00,0.00,0,0
67651,0.00,0.00,0.00,0.00,0.00,0.00,0.00,0.00,0.00,0.0000,6.0000,0.00,0.00,0,0,0.00,0.00,0,0
67851,0.00,0.00,0.00,0.00,0.00,0.00,0.00,0.00,0.00,0.0000,6.0000,0.00,0.00,0,0,0.00,0.00,0,0
68051,0.00,0.00,0.00,0.00,0.00,0.00,0.00,0.00,0.00,0.0000,6.0000,0.00,0.00,0,0,0.00,0.00,0,0
68251,0.00,0.00,0.00,0.00,0.00,0.00,0.00,0.00,0.00,0.0000,6.0000,0.00,0.00,0,0,0.00,0.00,0,0
68451,0.00,0.00,0.00,0.00,0.00,0.00,0.00,0.00,0.00,0.0000,6.0000,0.00,0.00,0,0,0.00,0.00,0,0
68651,0.00,0.00,0.00,0.00,0.00,0.00,0.00,0.00,0.00,0.0000,6.0000,0.00,0.00,0,0,0.00,0.00,0,0
68851,0.00,0.00,0.00,0.00,0.00,0.00,0.00,0.00,0.00,0.0000,6.0000,0.00,0.00,0,0,0.00,0.00,0,0
69051,0.00,0.00,0.00,0.00,0.00,0.00,0.00,0.00,0.00,0.0000,6.0000,0.00,0.00,0,0,0.00,0.00,0,0
69251,0.00,0.00,0.00,0.00,0.00,0.00,0.00,0.00,0.00,0.0000,6.0000,0.00,0.00,0,0,0.00,0.00,0,0
69451,0.00,0.00,0.00,0.00,0.00,0.00,0.00,0.00,0.00,0.0000,6.0000,0.00,0.00,0,0,0.00,0.00,0,0
69651,0.00,0.00,0.00,0.00,0.00,0.00,0.00,0.00,0.00,0.0000,6.0000,0.00,0.00,0,0,0.00,0.00,0,0
69851,0.00,0.00,0.00,0.00,0.00,0.00,0.00,0.00,0.00,0.0000,6.0000,0.00,0.00,0,0,0.00,0.00,0,0
70051,0.00,0.00,0.00,0.00,0.00,0.00,0.00,0.00,0.00,0.0000,6.0000,0.00,0.00,0,0,0.00,0.00,0,0
70251,0.00,0.00,0.00,0.00,0.00,0.00,0.00,0.00,0.00,0.0000,6.0000,0.00,0.00,0,0,0.00,0.00,0,0
70451,0.00,0.00,0.00,0.00,0.00,0.00,0.00,0.00,0.00,0.0000,6.0000,0.00,0.00,0,0,0.00,0.00,0,0
70651,0.00,0.00,0.00,0.00,0.00,0.00,0.00,0.00,0.00,0.0000,6.0000,0.00,0.00,0,0,0.00,0.00,0,0
70851,0.00,0.00,0.00,0.00,0.00,0.00,0.00,0.00,0.00,0.0000,6.0000,0.00,0.00,0,0,0.00,0.00,0,0
71051,0.00,0.00,0.00,0.00,0.00,0.00,0.00,0.00,0.00,0.0000,6.0000,0.00,0.00,0,0,0.00,0.00,0,0
71251,0.00,0.00,0.00,0.00,0.00,0.00,0.00,0.00,0.00,0.0000,6.0000,0.00,0.00,0,0,0.00,0.00,0,0
71451,0.00,0.00,0.00,0.00,0.00,0.00,0.00,0.00,0.00,0.0000,6.0000,0.00,0.00,0,0,0.00,0.00,0,0
71651,0.00,0.00,0.00,0.00,0.00,0.00,0.00,0.00,0.00,0.0000,6.0000,0.00,1.00,0,0,0.00,0.00,0,0
71851,0.00,0.00,0.00,0.00,0.00,0.00,0.00,0.00,0.00,0.0000,6.0000,0.00,0.00,0,0,0.00,0.00,0,0
72051,0.00,0.00,0.00,0.00,0.00,0.00,0.00,0.00,0.00,0.0000,6.0000,0.00,0.00,0,0,0.00,0.00,0,0
72251,0.00,0.00,0.00,0.00,0.00,0.00,0.00,0.00,0.00,0.0000,6.0000,0.00,0.00,0,0,0.00,0.00,0,0
72451,0.00,0.00,0.00,0.00,0.00,0.00,0.00,0.00,0.00,0.0000,6.0000,0.00,0.00,0,0,0.00,0.00,0,0
72651,0.00,0.00,0.00,0.00,0.00,0.00,0.00,0.00,0.00,0.0000,6.0000,0.00,0.00,0,0,0.00,0.00,0,0
72851,0.00,0.00,0.00,0.00,0.00,0.00,0.00,0.00,0.00,0.0000,6.0000,0.00,1.00,0,0,0.00,0.00,0,0
73051,0.00,0.00,0.00,0.00,0.00,0.00,0.00,0.00,0.00,0.0000,6.0000,0.00,0.00,0,0,0.00,0.00,0,0
73251,0.00,0.00,0.00,0.00,0.00,0.00,0.00,0.00,0.00,0.0000,6.0000,0.00,0.00,0,0,0.00,0.00,0,0
73451,0.00,0.00,0.00,0.00,0.00,0.00,0.00,0.00,0.00,0.0000,6.0000,0.00,0.00,0,0,0.00,0.00,0,0
73651,0.00,0.00,0.00,0.00,0.00,0.00,0.00,0.00,0.00,0.0000,6.0000,0.00,0.00,0,0,0.00,0.00,0,0
73851,0.00,0.00,0.00,0.00,0.00,0.00,0.00,0.00,0.00,0.0000,6.0000,0.00,0.00,0,0,0.00,0.00,0,0
74051,0.00,0.00,0.00,0.00,0.00,0.00,0.00,0.00,0.00,0.0000,6.0000,0.00,0.00,0,0,0.00,0.00,0,0
74251,0.00,0.00,0.00,0.00,0.00,0.00,0.00,0.00,0.00,0.0000,6.0000,0.00,1.00,0,0,0.00,0.00,0,0
74451,0.00,0.00,0.00,0.00,0.00,0.00,0.00,0.00,0.00,0.0000,6.0000,0.00,0.00,0,0,0.00,0.00,0,0
74651,0.00,0.00,0.00,0.00,0.00,0.00,0.00,0.00,0.00,0.0000,6.0000,0.00,0.00,0,0,0.00,0.00,0,0
74851,0.00,0.00,0.00,0.00,0.00,0.00,0.00,0.00,0.00,0.0000,6.0000,0.00,0.00,0,0,0.00,0.00,0,0
75051,0.00,0.00,0.00,0.00,0.00,0.00,0.00,0.00,0.00,0.0000,6.0000,0.00,0.00,0,0,0.00,0.00,0,0
75251,0.00,0.00,0.00,0.00,0.00,0.00,0.00,0.00,0.00,0.0000,6.0000,0.00,0.00,0,0,0.00,0.00,0,0
75451,0.00,0.00,0.00,0.00,0.00,0.00,0.00,0.00,0.00,0.0000,6.0000,0.00,0.00,0,0,0.00,0.00,0,0
75651,0.00,0.00,0.00,0.00,0.00,0.00,0.00,0.00,0.00,0.0000,6.0000,0.00,0.00,0,0,0.00,0.00,0,0
75851,0.00,0.00,0.00,0.00,0.00,0.00,0.00,0.00,0.00,0.0000,6.0000,0.00,0.00,0,0,0.00,0.00,0,0
76051,0.00,0.00,0.00,0.00,0.00,0.00,0.00,0.00,0.00,0.0000,6.0000,0.00,0.00,0,0,0.00,0.00,0,0
76251,0.00,0.00,0.00,0.00,0.00,0.00,0.00,0.00,0.00,0.0000,6.0000,0.00,0.00,0,0,0.00,0.00,0,0
76451,0.00,0.00,0.00,0.00,0.00,0.00,0.00,0.00,0.00,0.0000,6.0000,0.00,0.00,0,0,0.00,0.00,0,0
76651,0.00,0.00,0.00,0.00,0.00,0.00,0.00,0.00,0.00,0.0000,6.0000,0.00,0.00,0,0,0.00,0.00,0,0
76851,0.00,0.00,0.00,0.00,0.00,0.00,0.00,0.00,0.00,0.0000,6.0000,0.00,0.00,0,0,0.00,0.00,0,0
77051,0.00,0.00,0.00,0.00,0.00,0.00,0.00,0.00,0.00,0.0000,6.0000,0.00,0.00,0,0,0.00,0.00,0,0
77251,0.00,0.00,0.00,0.00,0.00,0.00,0.00,0.00,0.00,0.0000,6.0000,0.00,0.00,0,0,0.00,0.00,0,0
77451,0.00,0.00,0.00,0.00,0.00,0.00,0.00,0.00,0.00,0.0000,6.0000,0.00,0.00,0,0,0.00,0.00,0,0
77651,0.00,0.00,0.00,0.00,0.00,0.00,0.00,0.00,0.00,0.0000,6.0000,0.00,0.00,0,0,0.00,0.00,0,0
77851,0.00,0.00,0.00,0.00,0.00,0.00,0.00,0.00,0.00,0.0000,6.0000,0.00,0.00,0,0,0.00,0.00,0,0
78051,0.00,0.00,0.00,0.00,0.00,0.00,0.00,0.00,0.00,0.0000,6.0000,0.00,0.00,0,0,0.00,0.00,0,0
78251,0.00,0.00,0.00,0.00,0.00,0.00,0.00,0.00,0.00,0.0000,6.0000,0.00,0.00,0,0,0.00,0.00,0,0
78451,0.00,0.00,0.00,0.00,0.00,0.00,0.00,0.00,0.00,0.0000,6.0000,0.00,0.00,0,0,0.00,0.00,0,0
78651,0.00,0.00,0.00,0.00,0.00,0.00,0.00,0.00,0.00,0.0000,6.0000,0.00,0.00,0,0,0.00,0.00,0,0
78851,0.00,0.00,0.00,0.00,0.00,0.00,0.00,0.00,0.00,0.0000,6.0000,0.00,0.00,0,0,0.00,0.00,0,0
79051,0.00,0.00,0.00,0.00,0.00,0.00,0.00,0.00,0.00,0.0000,6.0000,0.00,0.00,0,0,0.00,0.00,0,0
79251,0.00,0.00,0.00,0.00,0.00,0.00,0.00,0.00,0.00,0.0000,6.0000,0.00,0.00,0,0,0.00,0.00,0,0
79451,0.00,0.00,0.00,0.00,0.00,0.00,0.00,0.00,0.00,0.0000,6.0000,0.00,0.00,0,0,0.00,0.00,0,0
79651,0.00,0.00,0.00,0.00,0.00,0.00,0.00,0.00,0.00,0.0000,6.0000,0.00,0.00,0,0,0.00,0.00,0,0
79851,0.00,0.00,0.00,0.00,0.00,0.00,0.00,0.00,0.00,0.0000,6.0000,0.00,0.00,0,0,0.00,0.00,0,0
80051,0.00,0.00,0.00,0.00,0.00,0.00,0.00,0.00,0.00,0.0000,6.0000,0.00,0.00,0,0,0.00,0.00,0,0
80251,0.00,0.00,0.00,0.00,0.00,0.00,0.00,0.00,0.00,0.0000,6.0000,0.00,0.00,0,0,0.00,0.00,0,0
80451,0.00,0.00,0.00,0.00,0.00,0.00,0.00,0.00,0.00,0.0000,6.0000,0.00,0.00,0,0,0.00,0.00,0,0
80651,0.00,0.00,0.00,0.00,0.00,0.00,0.00,0.00,0.00,0.0000,6.0000,0.00,0.00,0,0,0.00,0.00,0,0
80851,0.00,0.00,0.00,0.00,0.00,0.00,0.00,0.00,0.00,0.0000,6.0000,0.00,0.00,0,0,0.00,0.00,0,0
81051,0.00,0.00,0.00,0.00,0.00,0.00,0.00,0.00,0.00,0.0000,6.0000,0.00,0.00,0,0,0.00,0.00,0,0
81251,0.00,0.00,0.00,0.00,0.00,0.00,0.00,0.00,0.00,0.0000,6.0000,0.00,0.00,0,0,0.00,0.00,0,0
81451,0.00,0.00,0.00,0.00,0.00,0.00,0.00,0.00,0.00,0.0000,6.0000,0.00,0.00,0,0,0.00,0.00,0,0
81651,0.00,0.00,0.00,0.00,0.00,0.00,0.00,0.00,0.00,0.0000,6.0000,0.00,0.00,0,0,0.00,0.00,0,0
81851,0.00,0.00,0.00,0.00,0.00,0.00,0.00,0.00,0.00,0.0000,6.0000,0.00,0.00,0,0,0.00,0.00,0,0
82051,0.00,0.00,0.00,0.00,0.00,0.00,0.00,0.00,0.00,0.0000,6.0000,0.00,0.00,0,0,0.00,0.00,0,0
82251,0.00,0.00,0.00,0.00,0.00,0.00,0.00,0.00,0.00,0.0000,6.0000,0.00,0.00,0,0,0.00,0.00,0,0
82451,0.00,0.00,0.00,0.00,0.00,0.00,0.00,0.00,0.00,0.0000,6.0000,0.00,0.00,0,0,0.00,0.00,0,0
82651,0.00,0.00,0.00,0.00,0.00,0.00,0.00,0.00,0.00,0.0000,6.0000,0.00,0.00,0,0,0.00,0.00,0,0
82851,0.00,0.00,0.00,0.00,0.00,0.00,0.00,0.00,0.00,0.0000,6.0000,0.00,0.00,0,0,0.00,0.00,0,0
83051,0.00,0.00,0.00,0.00,0.00,0.00,0.00,0.00,0.00,0.0000,6.0000,0.00,0.00,0,0,0.00,0.00,0,0
83251,0.00,0.00,0.00,0.00,0.00,0.00,0.00,0.00,0.00,0.0000,6.0000,0.00,0.00,0,0,0.00,0.00,0,0
83451,0.00,0.00,0.00,0.00,0.00,0.00,0.00,0.00,0.00,0.0000,6.0000,0.00,0.00,0,0,0.00,0.00,0,0
83651,0.00,0.00,0.00,0.00,0.00,0.00,0.00,0.00,0.00,0.0000,6.0000,0.00,0.00,0,0,0.00,0.00,0,0
83851,0.00,0.00,0.00,0.00,0.00,0.00,0.00,0.00,0.00,0.0000,6.0000,0.00,0.00,0,0,0.00,0.00,0,0
84051,0.00,0.00,0.00,0.00,0.00,0.00,0.00,0.00,0.00,0.0000,6.0000,0.00,0.00,0,0,0.00,0.00,0,0
84251,0.00,0.00,0.00,0.00,0.00,0.00,0.00,0.00,0.00,0.0000,6.0000,0.00,0.00,0,0,0.00,0.00,0,0
84451,0.00,0.00,0.00,0.00,0.00,0.00,0.00,0.00,0.00,0.0000,6.0000,0.00,0.00,0,0,0.00,0.00,0,0
84651,0.00,0.00,0.00,0.00,0.00,0.00,0.00,0.00,0.00,0.0000,6.0000,0.00,0.00,0,0,0.00,0.00,0,0
84851,0.00,0.00,0.00,0.00,0.00,0.00,0.00,0.00,0.00,0.0000,6.0000,0.00,0.00,0,0,0.00,0.00,0,0
85051,0.00,0.00,0.00,0.00,0.00,0.00,0.00,0.00,0.00,0.0000,6.0000,0.00,0.00,0,0,0.00,0.00,0,0
85251,0.00,0.00,0.00,0.00,0.00,0.00,0.00,0.00,0.00,0.0000,6.0000,0.00,0.00,0,0,0.00,0.00,0,0
85451,0.00,0.00,0.00,0.00,0.00,0.00,0.00,0.00,0.00,0.0000,6.0000,0.00,0.00,0,0,0.00,0.00,0,0
85651,0.00,0.00,0.00,0.00,0.00,0.00,0.00,0.00,0.00,0.0000,6.0000,0.00,0.00,0,0,0.00,0.00,0,0
85851,0.00,0.00,0.00,0.00,0.00,0.00,0.00,0.00,0.00,0.0000,6.0000,0.00,0.00,0,0,0.00,0.00,0,0
86051,0.00,0.00,0.00,0.00,0.00,0.00,0.00,0.00,0.00,0.0000,6.0000,0.00,0.00,0,0,0.00,0.00,0,0
86251,0.00,0.00,0.00,0.00,0.00,0.00,0.00,0.00,0.00,0.0000,6.0000,0.00,0.00,0,0,0.00,0.00,0,0
86451,0.00,0.00,0.00,0.00,0.00,0.00,0.00,0.00,0.00,0.0000,6.0000,0.00,0.00,0,0,0.00,0.00,0,0
86651,0.00,0.00,0.00,0.00,0.00,0.00,0.00,0.00,0.00,0.0000,6.0000,0.00,0.00,0,0,0.00,0.00,0,0
86851,0.00,0.00,0.00,0.00,0.00,0.00,0.00,0.00,0.00,0.0000,6.0000,0.00,0.00,0,0,0.00,0.00,0,0
87051,0.00,0.00,0.00,0.00,0.00,0.00,0.00,0.00,0.00,0.0000,6.0000,0.00,0.00,0,0,0.00,0.00,0,0
87251,0.00,0.00,0.00,0.00,0.00,0.00,0.00,0.00,0.00,0.0000,6.0000,0.00,0.00,0,0,0.00,0.00,0,0
87451,0.00,0.00,0.00,0.00,0.00,0.00,0.00,0.00,0.00,0.0000,6.0000,0.00,0.00,0,0,0.00,0.00,0,0
87651,0.00,0.00,0.00,0.00,0.00,0.00,0.00,0.00,0.00,0.0000,6.0000,0.00,0.00,0,0,0.00,0.00,0,0
87851,0.00,0.00,0.00,0.00,0.00,0.00,0.00,0.00,0.00,0.0000,6.0000,0.00,0.00,0,0,0.00,0.00,0,0
88051,0.00,0.00,0.00,0.00,0.00,0.00,0.00,0.00,0.00,0.0000,6.0000,0.00,0.00,0,0,0.00,0.00,0,0
88251,0.00,0.00,0.00,0.00,0.00,0.00,0.00,0.00,0.00,0.0000,6.0000,0.00,0.00,0,0,0.00,0.00,0,0
88451,0.00,0.00,0.00,0.00,0.00,0.00,0.00,0.00,0.00,0.0000,6.0000,0.00,0.00,0,0,0.00,0.00,0,0
88651,0.00,0.00,0.00,0.00,0.00,0.00,0.00,0.00,0.00,0.0000,6.0000,0.00,0.00,0,0,0.00,0.00,0,0
88851,0.00,0.00,0.00,0.00,0.00,0.00,0.00,0.00,0.00,0.0000,6.0000,0.00,0.00,0,0,0.00,0.00,0,0
89051,0.00,0.00,0.00,0.00,0.00,0.00,0.00,0.00,0.00,0.0000,6.0000,0.00,0.00,0,0,0.00,0.00,0,0
89251,0.00,0.00,0.00,0.00,0.00,0.00,0.00,0.00,0.00,0.0000,6.0000,0.00,0.00,0,0,0.00,0.00,0,0
89451,0.00,0.00,0.00,0.00,0.00,0.00,0.00,0.00,0.00,0.0000,6.0000,0.00,0.00,0,0,0.00,0.00,0,0
89651,0.00,0.00,0.00,0.00,0.00,0.00,0.00,0.00,0.00,0.0000,6.0000,0.00,0.00,0,0,0.00,0.00,0,0
89851,0.00,0.00,0.00,0.00,0.00,0.00,0.00,0.00,0.00,0.0000,6.0000,0.00,0.00,0,0,0.00,0.00,0,0
90051,0.00,0.00,0.00,0.00,0.00,0.00,0.00,0.00,0.00,0.0000,6.0000,0.00,0.00,0,0,0.00,0.00,0,0
90251,0.00,0.00,0.00,0.00,0.00,0.00,0.00,0.00,0.00,0.0000,6.0000,0.00,0.00,0,0,0.00,0.00,0,0
90451,0.00,0.00,0.00,0.00,0.00,0.00,0.00,0.00,0.00,0.0000,6.0000,0.00,0.00,0,0,0.00,0.00,0,0
90651,0.00,0.00,0.00,0.00,0.00,0.00,0.00,0.00,0.00,0.0000,6.0000,0.00,0.00,0,0,0.00,0.00,0,0
90851,0.00,0.00,0.00,0.00,0.00,0.00,0.00,0.00,0.00,0.0000,6.0000,0.00,0.00,0,0,0.00,0.00,0,0
91051,0.00,0.00,0.00,0.00,0.00,0.00,0.00,0.00,0.00,0.0000,6.0000,0.00,0.00,0,0,0.00,0.00,0,0
91251,0.00,0.00,0.00,0.00,0.00,0.00,0.00,0.00,0.00,0.0000,6.0000,0.00,0.00,0,0,0.00,0.00,0,0
91451,0.00,0.00,0.00,0.00,0.00,0.00,0.00,0.00,0.00,0.0000,6.0000,0.00,0.00,0,0,0.00,0.00,0,0
91651,0.00,0.00,0.00,0.00,0.00,0.00,0.00,0.00,0.00,0.0000,6.0000,0.00,0.00,0,0,0.00,0.00,0,0
91851,0.00,0.00,0.00,0.00,0.00,0.00,0.00,0.00,0.00,0.0000,6.0000,0.00,0.00,0,0,0.00,0.00,0,0
92051,0.00,0.00,0.00,0.00,0.00,0.00,0.00,0.00,0.00,0.0000,6.0000,0.00,0.00,0,0,0.00,0.00,0,0
92251,0.00,0.00,25.00,100.00,0.00,1.64,0.82,0.00,0.00,0.0000,6.0000,0.00,0.00,0,0,0.00,0.00,0,0
92451,0.00,0.00,43.75,100.00,0.00,2.86,1.43,0.00,0.00,0.0000,6.0000,0.00,0.00,0,0,0.00,0.00,0,0
92651,0.00,0.00,32.81,0.00,0.00,2.15,1.07,0.00,0.00,0.0000,6.0000,0.00,0.00,0,0,0.00,0.00,0,0
92851,0.00,0.00,24.61,0.00,0.00,1.61,0.81,0.00,0.00,0.0000,6.0000,0.00,0.00,0,0,0.00,0.00,0,0
93051,0.00,0.00,18.46,0.00,0.00,1.21,0.60,0.00,0.00,0.0000,6.0000,0.00,0.00,0,0,0.00,0.00,0,0
93251,0.00,0.00,13.84,0.00,0.00,0.91,0.45,0.00,0.00,0.0000,6.0000,0.00,0.00,0,0,0.00,0.00,0,0
93451,0.00,0.00,10.38,0.00,0.00,0.68,0.34,0.00,0.00,0.0000,6.0000,0.00,0.00,0,0,0.00,0.00,0,0
93651,0.00,0.00,7.79,0.00,0.00,0.51,0.25,0.00,0.00,0.0000,6.0000,0.00,0.00,0,0,0.00,0.00,0,0
93851,0.00,0.00,5.84,0.00,0.00,0.38,0.19,0.00,0.00,0.0000,6.0000,0.00,0.00,0,0,0.00,0.00,0,0
94051,0.00,0.00,4.38,0.00,0.00,0.29,0.14,0.00,0.00,0.0000,6.0000,0.00,0.00,0,0,0.00,0.00,0,0
94251,0.00,0.00,3.28,0.00,0.00,0.21,0.11,0.00,0.00,0.0000,6.0000,0.00,0.00,0,0,0.00,0.00,0,0
94451,0.00,0.00,14.96,50.00,0.00,0.98,0.49,0.00,0.00,0.0000,6.0000,0.00,0.00,0,0,0.00,0.00,0,0
94651,0.00,0.00,23.72,50.00,0.00,1.55,0.78,0.00,0.00,0.0000,6.0000,0.00,0.00,0,0,0.00,0.00,0,0
94851,0.00,0.00,67.79,200.00,0.00,4.44,2.22,0.00,0.00,0.0000,6.0000,0.00,0.00,0,0,0.00,0.00,0,0
95051,0.00,0.00,75.84,100.00,0.00,4.96,2.48,0.00,0.00,0.0000,6.0000,0.00,0.00,0,0,0.00,0.00,0,0
95251,0.00,0.00,56.88,0.00,0.00,3.72,1.86,0.00,0.00,0.0000,6.0000,0.00,0.00,0,0,0.00,0.00,0,0
95451,0.00,0.00,42.66,0.00,0.00,2.79,1.40,0.00,0.00,0.0000,6.0000,0.00,0.00,0,0,0.00,0.00,0,0
95651,0.00,0.00,32.00,0.00,0.00,2.09,1.05,0.00,0.00,0.0000,6.0000,0.00,0.00,0,0,0.00,0.00,0,0
95851,0.00,0.00,24.00,0.00,0.00,1.57,0.79,0.00,0.00,0.0000,6.0000,0.00,0.00,0,0,0.00,0.00,0,0
96051,0.00,0.00,18.00,0.00,0.00,1.18,0.59,0.00,0.00,0.0000,6.0000,0.00,0.00,0,0,0.00,0.00,0,0
96251,0.00,0.00,13.50,0.00,0.00,0.88,0.44,0.00,0.00,0.0000,6.0000,0.00,0.00,0,0,0.00,0.00,0,0
96451,0.00,0.00,10.12,0.00,0.00,0.66,0.33,0.00,0.00,0.0000,6.0000,0.00,0.00,0,0,0.00,0.00,0,0
96651,0.00,0.00,7.59,0.00,0.00,0.50,0.25,0.00,0.00,0.0000,6.0000,0.00,0.00,0,0,0.00,0.00,0,0
96851,0.00,0.00,5.69,0.00,0.00,0.37,0.19,0.00,0.00,0.0000,6.0000,0.00,0.00,0,0,0.00,0.00,0,0
97051,0.00,0.00,4.27,0.00,0.00,0.28,0.14,0.00,0.00,0.0000,6.0000,0.00,0.00,0,0,0.00,0.00,0,0
97251,0.00,0.00,3.20,0.00,0.00,0.21,0.10,0.00,0.00,0.0000,6.0000,0.00,0.00,0,0,0.00,0.00,0,0
97451,0.00,0.00,2.40,0.00,0.00,0.16,0.08,0.00,0.00,0.0000,6.0000,0.00,0.00,0,0,0.00,0.00,0,0
97651,0.00,0.00,1.80,0.00,0.00,0.12,0.06,0.00,0.00,0.0000,6.0000,0.00,0.00,0,0,0.00,0.00,0,0
97851,0.00,0.00,1.35,0.00,0.00,0.09,0.04,0.00,0.00,0.0000,6.0000,0.00,0.00,0,0,0.00,0.00,0,0
98051,0.00,0.00,1.01,0.00,0.00,0.07,0.03,0.00,0.00,0.0000,6.0000,0.00,0.00,0,0,0.00,0.00,0,0
98251,0.00,0.00,0.76,0.00,0.00,0.05,0.02,0.00,0.00,0.0000,6.0000,0.00,0.00,0,0,0.00,0.00,0,0
98451,0.00,0.00,0.57,0.00,0.00,0.04,0.02,0.00,0.00,0.0000,6.0000,0.00,0.00,0,0,0.00,0.00,0,0
98651,0.00,0.00,0.43,0.00,0.00,0.03,0.01,0.00,0.00,0.0000,6.0000,0.00,0.00,0,0,0.00,0.00,0,0
98851,0.00,0.00,0.32,0.00,0.00,0.02,0.01,0.00,0.00,0.0000,6.0000,0.00,0.00,0,0,0.00,0.00,0,0
99051,0.00,0.00,0.24,0.00,0.00,0.02,0.01,0.00,0.00,0.0000,6.0000,0.00,0.00,0,0,0.00,0.00,0,0
99251,0.00,0.00,0.18,0.00,0.00,0.01,0.01,0.00,0.00,0.0000,6.0000,0.00,0.00,0,0,0.00,0.00,0,0
99451,0.00,0.00,0.14,0.00,0.00,0.01,0.00,0.00,0.00,0.0000,6.0000,0.00,0.00,0,0,0.00,0.00,0,0
99651,0.00,0.00,0.10,0.00,0.00,0.01,0.00,0.00,0.00,0.0000,6.0000,0.00,0.00,0,0,0.00,0.00,0,0
99851,0.00,0.00,0.08,0.00,0.00,0.00,0.00,0.00,0.00,0.0000,6.0000,0.00,0.00,0,0,0.00,0.00,0,0
100051,0.00,0.00,0.06,0.00,0.00,0.00,0.00,0.00,0.00,0.0000,6.0000,0.00,0.00,0,0,0.00,0.00,0,0
100251,0.00,0.00,0.04,0.00,0.00,0.00,0.00,0.00,0.00,0.0000,6.0000,0.00,0.00,0,0,0.00,0.00,0,0
100451,0.00,0.00,0.03,0.00,0.00,0.00,0.00,0.00,0.00,0.0000,6.0000,0.00,0.00,0,0,0.00,0.00,0,0
100651,0.00,0.00,0.02,0.00,0.00,0.00,0.00,0.00,0.00,0.0000,6.0000,0.00,0.00,0,0,0.00,0.00,0,0
100851,0.00,0.00,0.02,0.00,0.00,0.00,0.00,0.00,0.00,0.0000,6.0000,0.00,0.00,0,0,0.00,0.00,0,0
101051,0.00,0.00,0.01,0.00,0.00,0.00,0.00,0.00,0.00,0.0000,6.0000,0.00,0.00,0,0,0.00,0.00,0,0
101251,0.00,0.00,0.01,0.00,0.00,0.00,0.00,0.00,0.00,0.0000,6.0000,0.00,0.00,0,0,0.00,0.00,0,0
101451,0.00,0.00,0.01,0.00,0.00,0.00,0.00,0.00,0.00,0.0000,6.0000,0.00,0.00,0,0,0.00,0.00,0,0
101651,0.00,0.00,0.01,0.00,0.00,0.00,0.00,0.00,0.00,0.0000,6.0000,0.00,0.00,0,0,0.00,0.00,0,0
101851,0.00,0.00,0.00,0.00,0.00,0.00,0.00,0.00,0.00,0.0000,6.0000,0.00,0.00,0,0,0.00,0.00,0,0
102051,0.00,0.00,0.00,0.00,0.00,0.00,0.00,0.00,0.00,0.0000,6.0000,0.00,0.00,0,0,0.00,0.00,0,0
102251,0.00,0.00,0.00,0.00,0.00,0.00,0.00,0.00,0.00,0.0000,6.0000,0.00,0.00,0,0,0.00,0.00,0,0
102451,0.00,0.00,0.00,0.00,0.00,0.00,0.00,0.00,0.00,0.0000,6.0000,0.00,0.00,0,0,0.00,0.00,0,0
102651,0.00,0.00,0.00,0.00,0.00,0.00,0.00,0.00,0.00,0.0000,6.0000,0.00,0.00,0,0,0.00,0.00,0,0
102851,0.00,0.00,0.00,0.00,0.00,0.00,0.00,0.00,0.00,0.0000,6.0000,0.00,0.00,0,0,0.00,0.00,0,0
103051,0.00,0.00,0.00,0.00,0.00,0.00,0.00,0.00,0.00,0.0000,6.0000,0.00,0.00,0,0,0.00,0.00,0,0
103251,0.00,0.00,0.00,0.00,0.00,0.00,0.00,0.00,0.00,0.0000,6.0000,0.00,0.00,0,0,0.00,0.00,0,0
103451,0.00,0.00,0.00,0.00,0.00,0.00,0.00,0.00,0.00,0.0000,6.0000,0.00,0.00,0,0,0.00,0.00,0,0
103651,0.00,0.00,0.00,0.00,0.00,0.00,0.00,0.00,0.00,0.0000,6.0000,0.00,0.00,0,0,0.00,0.00,0,0
103851,0.00,0.00,0.00,0.00,0.00,0.00,0.00,0.00,0.00,0.0000,6.0000,0.00,0.00,0,0,0.00,0.00,0,0
104051,0.00,0.00,0.00,0.00,0.00,0.00,0.00,0.00,0.00,0.0000,6.0000,0.00,0.00,0,0,0.00,0.00,0,0
104251,0.00,0.00,0.00,0.00,0.00,0.00,0.00,0.00,0.00,0.0000,6.0000,0.00,0.00,0,0,0.00,0.00,0,0
104451,0.00,0.00,0.00,0.00,0.00,0.00,0.00,0.00,0.00,0.0000,6.0000,0.00,0.00,0,0,0.00,0.00,0,0
104651,0.00,0.00,0.00,0.00,0.00,0.00,0.00,0.00,0.00,0.0000,6.0000,0.00,0.00,0,0,0.00,0.00,0,0
104851,0.00,0.00,0.00,0.00,0.00,0.00,0.00,0.00,0.00,0.0000,6.0000,0.00,0.00,0,0,0.00,0.00,0,0
105051,0.00,0.00,0.00,0.00,0.00,0.00,0.00,0.00,0.00,0.0000,6.0000,0.00,0.00,0,0,0.00,0.00,0,0
105251,0.00,0.00,0.00,0.00,0.00,0.00,0.00,0.00,0.00,0.0000,6.0000,0.00,0.00,0,0,0.00,0.00,0,0
105451,0.00,0.00,0.00,0.00,0.00,0.00,0.00,0.00,0.00,0.0000,6.0000,0.00,0.00,0,0,0.00,0.00,0,0
105651,0.00,0.00,0.00,0.00,0.00,0.00,0.00,0.00,0.00,0.0000,6.0000,0.00,0.00,0,0,0.00,0.00,0,0
105851,0.00,0.00,0.00,0.00,0.00,0.00,0.00,0.00,0.00,0.0000,6.0000,0.00,0.00,0,0,0.00,0.00,0,0
106051,0.00,0.00,0.00,0.00,0.00,0.00,0.00,0.00,0.00,0.0000,6.0000,0.00,0.00,0,0,0.00,0.00,0,0
106251,0.00,0.00,0.00,0.00,0.00,0.00,0.00,0.00,0.00,0.0000,6.0000,0.00,0.00,0,0,0.00,0.00,0,0
106451,0.00,0.00,0.00,0.00,0.00,0.00,0.00,0.00,0.00,0.0000,6.0000,0.00,0.00,0,0,0.00,0.00,0,0
106651,0.00,0.00,0.00,0.00,0.00,0.00,0.00,0.00,0.00,0.0000,6.0000,0.00,0.00,0,0,0.00,0.00,0,0
106851,0.00,0.00,0.00,0.00,0.00,0.00,0.00,0.00,0.00,0.0000,6.0000,0.00,0.00,0,0,0.00,0.00,0,0
107051,0.00,0.00,0.00,0.00,0.00,0.00,0.00,0.00,0.00,0.0000,6.0000,0.00,0.00,0,0,0.00,0.00,0,0
107251,0.00,0.00,0.00,0.00,0.00,0.00,0.00,0.00,0.00,0.0000,6.0000,0.00,0.00,0,0,0.00,0.00,0,0
107451,0.00,0.00,0.00,0.00,0.00,0.00,0.00,0.00,0.00,0.0000,6.0000,0.00,0.00,0,0,0.00,0.00,0,0
107651,0.00,0.00,0.00,0.00,0.00,0.00,0.00,0.00,0.00,0.0000,6.0000,0.00,0.00,0,0,0.00,0.00,0,0
107851,0.00,0.00,0.00,0.00,0.00,0.00,0.00,0.00,0.00,0.0000,6.0000,0.00,0.00,0,0,0.00,0.00,0,0
108051,0.00,0.00,0.00,0.00,0.00,0.00,0.00,0.00,0.00,0.0000,6.0000,0.00,0.00,0,0,0.00,0.00,0,0
108251,0.00,0.00,0.00,0.00,0.00,0.00,0.00,0.00,0.00,0.0000,6.0000,0.00,0.00,0,0,0.00,0.00,0,0
108451,0.00,0.00,0.00,0.00,0.00,0.00,0.00,0.00,0.00,0.0000,6.0000,0.00,0.00,0,0,0.00,0.00,0,0
108651,0.00,0.00,0.00,0.00,0.00,0.00,0.00,0.00,0.00,0.0000,6.0000,0.00,0.00,0,0,0.00,0.00,0,0
108851,0.00,0.00,0.00,0.00,0.00,0.00,0.00,0.00,0.00,0.0000,6.0000,0.00,0.00,0,0,0.00,0.00,0,0
109051,0.00,0.00,0.00,0.00,0.00,0.00,0.00,0.00,0.00,0.0000,6.0000,0.00,0.00,0,0,0.00,0.00,0,0
109251,0.00,0.00,0.00,0.00,0.00,0.00,0.00,0.00,0.00,0.0000,6.0000,0.00,0.00,0,0,0.00,0.00,0,0
109451,0.00,0.00,0.00,0.00,0.00,0.00,0.00,0.00,0.00,0.0000,6.0000,0.00,0.00,0,0,0.00,0.00,0,0
109651,0.00,0.00,0.00,0.00,0.00,0.00,0.00,0.00,0.00,0.0000,6.0000,0.00,0.00,0,0,0.00,0.00,0,0
109851,0.00,0.00,0.00,0.00,0.00,0.00,0.00,0.00,0.00,0.0000,6.0000,0.00,0.00,0,0,0.00,0.00,0,0
110051,0.00,0.00,0.00,0.00,0.00,0.00,0.00,0.00,0.00,0.0000,6.0000,0.00,0.00,0,0,0.00,0.00,0,0
110251,0.00,0.00,0.00,0.00,0.00,0.00,0.00,0.00,0.00,0.0000,6.0000,0.00,0.00,0,0,0.00,0.00,0,0
110451,0.00,0.00,0.00,0.00,0.00,0.00,0.00,0.00,0.00,0.0000,6.0000,0.00,0.00,0,0,0.00,0.00,0,0
110651,0.00,0.00,0.00,0.00,0.00,0.00,0.00,0.00,0.00,0.0000,6.0000,0.00,0.00,0,0,0.00,0.00,0,0
110851,0.00,0.00,0.00,0.00,0.00,0.00,0.00,0.00,0.00,0.0000,6.0000,0.00,0.00,0,0,0.00,0.00,0,0
111051,0.00,0.00,0.00,0.00,0.00,0.00,0.00,0.00,0.00,0.0000,6.0000,0.00,0.00,0,0,0.00,0.00,0,0
111251,0.00,0.00,0.00,0.00,0.00,0.00,0.00,0.00,0.00,0.0000,6.0000,0.00,0.00,0,0,0.00,0.00,0,0
111451,0.00,0.00,0.00,0.00,0.00,0.00,0.00,0.00,0.00,0.0000,6.0000,0.00,0.00,0,0,0.00,0.00,0,0
111651,0.00,0.00,0.00,0.00,0.00,0.00,0.00,0.00,0.00,0.0000,6.0000,0.00,0.00,0,0,0.00,0.00,0,0
111851,0.00,0.00,0.00,0.00,0.00,0.00,0.00,0.00,0.00,0.0000,6.0000,0.00,0.00,0,0,0.00,0.00,0,0
112051,0.00,0.00,0.00,0.00,0.00,0.00,0.00,0.00,0.00,0.0000,6.0000,0.00,0.00,0,0,0.00,0.00,0,0
112251,0.00,0.00,0.00,0.00,0.00,0.00,0.00,0.00,0.00,0.0000,6.0000,0.00,0.00,0,0,0.00,0.00,0,0
112451,0.00,0.00,0.00,0.00,0.00,0.00,0.00,0.00,0.00,0.0000,6.0000,0.00,0.00,0,0,0.00,0.00,0,0
112651,0.00,0.00,0.00,0.00,0.00,0.00,0.00,0.00,0.00,0.0000,6.0000,0.00,0.00,0,0,0.00,0.00,0,0
112851,0.00,0.00,0.00,0.00,0.00,0.00,0.00,0.00,0.00,0.0000,6.0000,0.00,0.00,0,0,0.00,0.00,0,0
113051,0.00,0.00,0.00,0.00,0.00,0.00,0.00,0.00,0.00,0.0000,6.0000,0.00,0.00,0,0,0.00,0.00,0,0
113251,0.00,0.00,0.00,0.00,0.00,0.00,0.00,0.00,0.00,0.0000,6.0000,0.00,0.00,0,0,0.00,0.00,0,0
113451,0.00,0.00,0.00,0.00,0.00,0.00,0.00,0.00,0.00,0.0000,6.0000,0.00,0.00,0,0,0.00,0.00,0,0
113651,0.00,0.00,0.00,0.00,0.00,0.00,0.00,0.00,0.00,0.0000,6.0000,0.00,0.00,0,0,0.00,0.00,0,0
113851,0.00,0.00,0.00,0.00,0.00,0.00,0.00,0.00,0.00,0.0000,6.0000,0.00,0.00,0,0,0.00,0.00,0,0
114051,0.00,0.00,0.00,0.00,0.00,0.00,0.00,0.00,0.00,0.0000,6.0000,0.00,0.00,0,0,0.00,0.00,0,0
114251,0.00,0.00,0.00,0.00,0.00,0.00,0.00,0.00,0.00,0.0000,6.0000,0.00,0.00,0,0,0.00,0.00,0,0
114451,0.00,0.00,0.00,0.00,0.00,0.00,0.00,0.00,0.00,0.0000,6.0000,0.00,0.00,0,0,0.00,0.00,0,0
114651,0.00,0.00,0.00,0.00,0.00,0.00,0.00,0.00,0.00,0.0000,6.0000,0.00,0.00,0,0,0.00,0.00,0,0
114851,0.00,0.00,0.00,0.00,0.00,0.00,0.00,0.00,0.00,0.0000,6.0000,0.00,0.00,0,0,0.00,0.00,0,0
115051,0.00,0.00,0.00,0.00,0.00,0.00,0.00,0.00,0.00,0.0000,6.0000,0.00,0.00,0,0,0.00,0.00,0,0
115251,0.00,0.00,0.00,0.00,0.00,0.00,0.00,0.00,0.00,0.0000,6.0000,0.00,0.00,0,0,0.00,0.00,0,0
115451,0.00,0.00,0.00,0.00,0.00,0.00,0.00,0.00,0.00,0.0000,6.0000,0.00,0.00,0,0,0.00,0.00,0,0
115651,0.00,0.00,0.00,0.00,0.00,0.00,0.00,0.00,0.00,0.0000,6.0000,0.00,0.00,0,0,0.00,0.00,0,0
115851,0.00,0.00,0.00,0.00,0.00,0.00,0.00,0.00,0.00,0.0000,6.0000,0.00,0.00,0,0,0.00,0.00,0,0
116051,0.00,0.00,0.00,0.00,0.00,0.00,0.00,0.00,0.00,0.0000,6.0000,0.00,0.00,0,0,0.00,0.00,0,0
116251,0.00,0.00,0.00,0.00,0.00,0.00,0.00,0.00,0.00,0.0000,6.0000,0.00,0.00,0,0,0.00,0.00,0,0
116451,0.00,0.00,0.00,0.00,0.00,0.00,0.00,0.00,0.00,0.0000,6.0000,0.00,0.00,0,0,0.00,0.00,0,0
116651,0.00,0.00,25.00,100.00,0.00,1.64,0.82,0.00,0.00,0.0000,6.0000,0.00,0.00,0,0,0.00,0.00,0,0
116851,0.00,0.00,56.25,150.00,0.00,3.68,1.84,0.00,0.00,0.0000,6.0000,0.00,0.00,0,0,0.00,0.00,0,0
117051,0.00,0.00,92.19,200.00,0.00,6.03,3.02,0.00,0.00,0.0000,6.0000,0.00,0.00,0,0,0.00,0.00,0,0
117251,0.00,0.00,106.64,150.00,0.00,6.98,3.49,0.00,0.00,0.0000,6.0000,0.00,0.00,0,0,0.00,0.00,0,0
117451,0.00,0.00,79.98,0.00,0.00,5.23,2.62,0.00,0.00,0.0000,6.0000,0.00,0.00,0,0,0.00,0.00,0,0
117651,0.00,0.00,59.99,0.00,0.00,3.93,1.96,0.00,0.00,0.0000,6.0000,0.00,0.00,0,0,0.00,0.00,0,0
117851,0.00,0.00,44.99,0.00,0.00,2.94,1.47,0.00,0.00,0.0000,6.0000,0.00,0.00,0,0,0.00,0.00,0,0
118051,0.00,0.00,33.74,0.00,0.00,2.21,1.10,0.00,0.00,0.0000,6.0000,0.00,0.00,0,0,0.00,0.00,0,0
118251,0.00,0.00,25.31,0.00,0.00,1.66,0.83,0.00,0.00,0.0000,6.0000,0.00,0.00,0,0,0.00,0.00,0,0
118451,0.00,0.00,18.98,0.00,0.00,1.24,0.62,0.00,0.00,0.0000,6.0000,0.00,0.00,0,0,0.00,0.00,0,0
118651,0.00,0.00,14.23,0.00,0.00,0.93,0.47,0.00,0.00,0.0000,6.0000,0.00,0.00,0,0,0.00,0.00,0,0
118851,0.00,0.00,10.68,0.00,0.00,0.70,0.35,0.00,0.00,0.0000,6.0000,0.00,0.00,0,0,0.00,0.00,0,0
119051,0.00,0.00,8.01,0.00,0.00,0.52,0.26,0.00,0.00,0.0000,6.0000,0.00,0.00,0,0,0.00,0.00,0,0
119251,0.00,0.00,6.01,0.00,0.00,0.39,0.20,0.00,0.00,0.0000,6.0000,0.00,0.00,0,0,0.00,0.00,0,0
119451,0.00,0.00,4.50,0.00,0.00,0.29,0.15,0.00,0.00,0.0000,6.0000,0.00,0.00,0,0,0.00,0.00,0,0
119651,0.00,0.00,3.38,0.00,0.00,0.22,0.11,0.00,0.00,0.0000,6.0000,0.00,0.00,0,0,0.00,0.00,0,0
119851,0.00,0.00,2.53,0.00,0.00,0.17,0.08,0.00,0.00,0.0000,6.0000,0.00,0.00,0,0,0.00,0.00,0,0
120051,0.00,0.00,1.90,0.00,0.00,0.12,0.06,0.00,0.00,0.0000,6.0000,0.00,0.00,0,0,0.00,0.00,0,0
120251,0.00,0.00,1.43,0.00,0.00,0.09,0.05,0.00,0.00,0.0000,6.0000,0.00,0.00,0,0,0.00,0.00,0,0
120451,0.00,0.00,1.07,0.00,0.00,0.07,0.03,0.00,0.00,0.0000,6.0000,0.00,0.00,0,0,0.00,0.00,0,0
120651,0.00,0.00,0.80,0.00,0.00,0.05,0.03,0.00,0.00,0.0000,6.0000,0.00,0.00,0,0,0.00,0.00,0,0
120851,0.00,0.00,0.60,0.00,0.00,0.04,0.02,0.00,0.00,0.0000,6.0000,0.00,0.00,0,0,0.00,0.00,0,0
121051,0.00,0.00,0.45,0.00,0.00,0.03,0.01,0.00,0.00,0.0000,6.0000,0.00,0.00,0,0,0.00,0.00,0,0
121251,0.00,0.00,0.34,0.00,0.00,0.02,0.01,0.00,0.00,0.0000,6.0000,0.00,0.00,0,0,0.00,0.00,0,0
121451,0.00,0.00,0.25,0.00,0.00,0.02,0.01,0.00,0.00,0.0000,6.0000,0.00,0.00,0,0,0.00,0.00,0,0
121651,0.00,0.00,0.19,0.00,0.00,0.01,0.01,0.00,0.00,0.0000,6.0000,0.00,0.00,0,0,0.00,0.00,0,0
121851,0.00,0.00,0.14,0.00,0.00,0.01,0.00,0.00,0.00,0.0000,6.0000,0.00,0.00,0,0,0.00,0.00,0,0
122051,0.00,0.00,0.11,0.00,0.00,0.01,0.00,0.00,0.00,0.0000,6.0000,0.00,0.00,0,0,0.00,0.00,0,0
122251,0.00,0.00,0.08,0.00,0.00,0.01,0.00,0.00,0.00,0.0000,6.0000,0.00,0.00,0,0,0.00,0.00,0,0
122451,0.00,0.00,0.06,0.00,0.00,0.00,0.00,0.00,0.00,0.0000,6.0000,0.00,0.00,0,0,0.00,0.00,0,0
122651,0.00,0.00,0.05,0.00,0.00,0.00,0.00,0.00,0.00,0.0000,6.0000,0.00,0.00,0,0,0.00,0.00,0,0
122851,0.00,0.00,0.03,0.00,0.00,0.00,0.00,0.00,0.00,0.0000,6.0000,0.00,0.00,0,0,0.00,0.00,0,0
123051,0.00,0.00,0.03,0.00,0.00,0.00,0.00,0.00,0.00,0.0000,6.0000,0.00,0.00,0,0,0.00,0.00,0,0
123251,0.00,0.00,0.02,0.00,0.00,0.00,0.00,0.00,0.00,0.0000,6.0000,0.00,0.00,0,0,0.00,0.00,0,0
123451,0.00,0.00,0.01,0.00,0.00,0.00,0.00,0.00,0.00,0.0000,6.0000,0.00,0.00,0,0,0.00,0.00,0,0
123651,0.00,0.00,0.01,0.00,0.00,0.00,0.00,0.00,0.00,0.0000,6.0000,0.00,0.00,0,0,0.00,0.00,0,0
123851,0.00,0.00,0.01,0.00,0.00,0.00,0.00,0.00,0.00,0.0000,6.0000,0.00,0.00,0,0,0.00,0.00,0,0
124051,0.00,0.00,0.01,0.00,0.00,0.00,0.00,0.00,0.00,0.0000,6.0000,0.00,0.00,0,0,0.00,0.00,0,0
124251,0.00,0.00,0.00,0.00,0.00,0.00,0.00,0.00,0.00,0.0000,6.0000,0.00,0.00,0,0,0.00,0.00,0,0
124451,0.00,0.00,0.00,0.00,0.00,0.00,0.00,0.00,0.00,0.0000,6.0000,0.00,0.00,0,0,0.00,0.00,0,0
124651,0.00,0.00,0.00,0.00,0.00,0.00,0.00,0.00,0.00,0.0000,6.0000,0.00,0.00,0,0,0.00,0.00,0,0
124851,0.00,0.00,0.00,0.00,0.00,0.00,0.00,0.00,0.00,0.0000,6.0000,0.00,0.00,0,0,0.00,0.00,0,0
125051,0.00,0.00,0.00,0.00,0.00,0.00,0.00,0.00,0.00,0.0000,6.0000,0.00,0.00,0,0,0.00,0.00,0,0
125251,0.00,0.00,0.00,0.00,0.00,0.00,0.00,0.00,0.00,0.0000,6.0000,0.00,0.00,0,0,0.00,0.00,0,0
125451,0.00,0.00,0.00,0.00,0.00,0.00,0.00,0.00,0.00,0.0000,6.0000,0.00,0.00,0,0,0.00,0.00,0,0
125651,0.00,0.00,0.00,0.00,0.00,0.00,0.00,0.00,0.00,0.0000,6.0000,0.00,0.00,0,0,0.00,0.00,0,0
125851,0.00,0.00,0.00,0.00,0.00,0.00,0.00,0.00,0.00,0.0000,6.0000,0.00,0.00,0,0,0.00,0.00,0,0
126051,0.00,0.00,0.00,0.00,0.00,0.00,0.00,0.00,0.00,0.0000,6.0000,0.00,0.00,0,0,0.00,0.00,0,0
126251,0.00,0.00,0.00,0.00,0.00,0.00,0.00,0.00,0.00,0.0000,6.0000,0.00,0.00,0,0,0.00,0.00,0,0
126451,0.00,0.00,0.00,0.00,0.00,0.00,0.00,0.00,0.00,0.0000,6.0000,0.00,0.00,0,0,0.00,0.00,0,0
126651,0.00,0.00,0.00,0.00,0.00,0.00,0.00,0.00,0.00,0.0000,6.0000,0.00,0.00,0,0,0.00,0.00,0,0
126851,0.00,0.00,0.00,0.00,0.00,0.00,0.00,0.00,0.00,0.0000,6.0000,0.00,0.00,0,0,0.00,0.00,0,0
127051,0.00,0.00,0.00,0.00,0.00,0.00,0.00,0.00,0.00,0.0000,6.0000,0.00,0.00,0,0,0.00,0.00,0,0
127251,0.00,0.00,0.00,0.00,0.00,0.00,0.00,0.00,0.00,0.0000,6.0000,0.00,0.00,0,0,0.00,0.00,0,0
127451,0.00,0.00,0.00,0.00,0.00,0.00,0.00,0.00,0.00,0.0000,6.0000,0.00,0.00,0,0,0.00,0.00,0,0
127651,0.00,0.00,0.00,0.00,0.00,0.00,0.00,0.00,0.00,0.0000,6.0000,0.00,0.00,0,0,0.00,0.00,0,0
127851,0.00,0.00,0.00,0.00,0.00,0.00,0.00,0.00,0.00,0.0000,6.0000,0.00,0.00,0,0,0.00,0.00,0,0
128051,0.00,0.00,0.00,0.00,0.00,0.00,0.00,0.00,0.00,0.0000,6.0000,0.00,0.00,0,0,0.00,0.00,0,0
128251,0.00,0.00,0.00,0.00,0.00,0.00,0.00,0.00,0.00,0.0000,6.0000,0.00,0.00,0,0,0.00,0.00,0,0
128451,0.00,0.00,0.00,0.00,0.00,0.00,0.00,0.00,0.00,0.0000,6.0000,0.00,0.00,0,0,0.00,0.00,0,0
128651,0.00,0.00,0.00,0.00,0.00,0.00,0.00,0.00,0.00,0.0000,6.0000,0.00,0.00,0,0,0.00,0.00,0,0
128851,0.00,0.00,0.00,0.00,0.00,0.00,0.00,0.00,0.00,0.0000,6.0000,0.00,0.00,0,0,0.00,0.00,0,0
129051,0.00,0.00,0.00,0.00,0.00,0.00,0.00,0.00,0.00,0.0000,6.0000,0.00,0.00,0,0,0.00,0.00,0,0
129251,0.00,0.00,0.00,0.00,0.00,0.00,0.00,0.00,0.00,0.0000,6.0000,0.00,0.00,0,0,0.00,0.00,0,0
129451,0.00,0.00,0.00,0.00,0.00,0.00,0.00,0.00,0.00,0.0000,6.0000,0.00,0.00,0,0,0.00,0.00,0,0
129651,0.00,0.00,0.00,0.00,0.00,0.00,0.00,0.00,0.00,0.0000,6.0000,0.00,0.00,0,0,0.00,0.00,0,0
129851,0.00,0.00,0.00,0.00,0.00,0.00,0.00,0.00,0.00,0.0000,6.0000,0.00,0.00,0,0,0.00,0.00,0,0
130051,0.00,0.00,0.00,0.00,0.00,0.00,0.00,0.00,0.00,0.0000,6.0000,0.00,0.00,0,0,0.00,0.00,0,0
130251,0.00,0.00,0.00,0.00,0.00,0.00,0.00,0.00,0.00,0.0000,6.0000,0.00,0.00,0,0,0.00,0.00,0,0
130451,0.00,0.00,0.00,0.00,0.00,0.00,0.00,0.00,0.00,0.0000,6.0000,0.00,0.00,0,0,0.00,0.00,0,0
130651,0.00,0.00,0.00,0.00,0.00,0.00,0.00,0.00,0.00,0.0000,6.0000,0.00,0.00,0,0,0.00,0.00,0,0
130851,0.00,0.00,0.00,0.00,0.00,0.00,0.00,0.00,0.00,0.0000,6.0000,0.00,0.00,0,0,0.00,0.00,0,0
131051,0.00,0.00,0.00,0.00,0.00,0.00,0.00,0.00,0.00,0.0000,6.0000,0.00,0.00,0,0,0.00,0.00,0,0
131251,0.00,0.00,0.00,0.00,0.00,0.00,0.00,0.00,0.00,0.0000,6.0000,0.00,0.00,0,0,0.00,0.00,0,0
131451,0.00,0.00,0.00,0.00,0.00,0.00,0.00,0.00,0.00,0.0000,6.0000,0.00,0.00,0,0,0.00,0.00,0,0
131651,0.00,0.00,0.00,0.00,0.00,0.00,0.00,0.00,0.00,0.0000,6.0000,0.00,0.00,0,0,0.00,0.00,0,0
131851,0.00,0.00,0.00,0.00,0.00,0.00,0.00,0.00,0.00,0.0000,6.0000,0.00,0.00,0,0,0.00,0.00,0,0
132051,0.00,0.00,37.50,150.00,0.00,2.45,1.23,0.00,0.00,0.0000,6.0000,0.00,0.00,0,0,0.00,0.00,0,0
132251,0.00,0.00,53.12,100.00,0.00,3.48,1.74,0.00,0.00,0.0000,6.0000,0.00,0.00,0,0,0.00,0.00,0,0
132451,0.00,0.00,52.34,50.00,0.00,3.43,1.71,0.00,0.00,0.0000,6.0000,0.00,0.00,0,0,0.00,0.00,0,0
132651,0.00,0.00,39.26,0.00,0.00,2.57,1.28,0.00,0.00,0.0000,6.0000,0.00,0.00,0,0,0.00,0.00,0,0
132851,0.00,0.00,29.44,0.00,0.00,1.93,0.96,0.00,0.00,0.0000,6.0000,0.00,0.00,0,0,0.00,0.00,0,0
133051,0.00,0.00,22.08,0.00,0.00,1.45,0.72,0.00,0.00,0.0000,6.0000,0.00,0.00,0,0,0.00,0.00,0,0
133251,0.00,0.00,16.56,0.00,0.00,1.08,0.54,0.00,0.00,0.0000,6.0000,0.00,0.00,0,0,0.00,0.00,0,0
133451,0.00,0.00,12.42,0.00,0.00,0.81,0.41,0.00,0.00,0.0000,6.0000,0.00,0.00,0,0,0.00,0.00,0,0
133651,0.00,0.00,9.32,0.00,0.00,0.61,0.30,0.00,0.00,0.0000,6.0000,0.00,0.00,0,0,0.00,0.00,0,0
133851,0.00,0.00,6.99,0.00,0.00,0.46,0.23,0.00,0.00,0.0000,6.0000,0.00,0.00,0,0,0.00,0.00,0,0
134051,0.00,0.00,5.24,0.00,0.00,0.34,0.17,0.00,0.00,0.0000,6.0000,0.00,0.00,0,0,0.00,0.00,0,0
134251,0.00,0.00,3.93,0.00,0.00,0.26,0.13,0.00,0.00,0.0000,6.0000,0.00,0.00,0,0,0.00,0.00,0,0
134451,0.00,0.00,2.95,0.00,0.00,0.19,0.10,0.00,0.00,0.0000,6.0000,0.00,0.00,0,0,0.00,0.00,0,0
134651,0.00,0.00,2.21,0.00,0.00,0.14,0.07,0.00,0.00,0.0000,6.0000,0.00,0.00,0,0,0.00,0.00,0,0
134851,0.00,0.00,1.66,0.00,0.00,0.11,0.05,0.00,0.00,0.0000,6.0000,0.00,0.00,0,0,0.00,0.00,0,0
135051,0.00,0.00,1.24,0.00,0.00,0.08,0.04,0.00,0.00,0.0000,6.0000,0.00,0.00,0,0,0.00,0.00,0,0
135251,0.00,0.00,0.93,0.00,0.00,0.06,0.03,0.00,0.00,0.0000,6.0000,0.00,0.00,0,0,0.00,0.00,0,0
135451,0.00,0.00,0.70,0.00,0.00,0.05,0.02,0.00,0.00,0.0000,6.0000,0.00,0.00,0,0,0.00,0.00,0,0
135651,0.00,0.00,0.52,0.00,0.00,0.03,0.02,0.00,0.00,0.0000,6.0000,0.00,1.00,0,0,0.00,0.00,0,0
135851,0.00,0.00,0.39,0.00,0.00,0.03,0.01,0.00,0.00,0.0000,6.0000,0.00,1.00,0,0,0.00,0.00,0,0
136051,0.00,0.00,12.80,50.00,0.00,0.84,0.42,0.00,0.00,0.0000,6.0000,0.00,1.00,0,0,0.00,0.00,0,0
136251,0.00,0.00,22.10,50.00,0.00,1.45,0.72,0.00,0.00,0.0000,6.0000,0.00,1.00,0,0,0.00,0.00,0,0
136451,0.00,0.00,16.57,0.00,0.00,1.08,0.54,0.00,0.00,0.0000,6.0000,0.00,1.00,0,0,0.00,0.00,0,0
136651,0.00,0.00,12.43,0.00,0.00,0.81,0.41,0.00,0.00,0.0000,6.0000,0.00,1.00,0,0,0.00,0.00,0,0
136851,0.00,0.00,9.32,0.00,0.00,0.61,0.31,0.00,0.00,0.0000,6.0000,0.00,1.00,0,0,0.00,0.00,0,0
137051,0.00,0.00,6.99,0.00,0.00,0.46,0.23,0.00,0.00,0.0000,6.0000,0.00,1.00,0,0,0.00,0.00,0,0
137251,0.00,0.00,30.24,100.00,0.00,1.98,0.99,0.00,0.00,0.0000,6.0000,0.00,1.00,0,0,0.00,0.00,0,0
137451,0.00,0.00,22.68,0.00,0.00,1.48,0.74,0.00,0.00,0.0000,6.0000,0.00,1.00,0,0,0.00,0.00,0,0
137651,0.00,0.00,17.01,0.00,0.00,1.11,0.56,0.00,0.00,0.0000,6.0000,0.00,1.00,0,0,0.00,0.00,0,0
137851,0.00,0.00,12.76,0.00,0.00,0.84,0.42,0.00,0.00,0.0000,6.0000,0.00,1.00,0,0,0.00,0.00,0,0
138051,0.00,0.00,9.57,0.00,0.00,0.63,0.31,0.00,0.00,0.0000,6.0000,0.00,1.00,0,0,0.00,0.00,0,0
138251,0.00,0.00,7.18,0.00,0.00,0.47,0.23,0.00,0.00,0.0000,6.0000,0.00,0.00,0,0,0.00,0.00,0,0
138451,0.00,0.00,5.38,0.00,0.00,0.35,0.18,0.00,0.00,0.0000,6.0000,0.00,0.00,0,0,0.00,0.00,0,0
138651,0.00,0.00,4.04,0.00,0.00,0.26,0.13,0.00,0.00,0.0000,6.0000,0.00,0.00,0,0,0.00,0.00,0,0
138851,0.00,0.00,3.03,0.00,0.00,0.20,0.10,0.00,0.00,0.0000,6.0000,0.00,0.00,0,0,0.00,0.00,0,0
139051,0.00,0.00,2.27,0.00,0.00,0.15,0.07,0.00,0.00,0.0000,6.0000,0.00,0.00,0,0,0.00,0.00,0,0
139251,0.00,0.00,1.70,0.00,0.00,0.11,0.06,0.00,0.00,0.0000,6.0000,0.00,0.00,0,0,0.00,0.00,0,0
139451,0.00,0.00,1.28,0.00,0.00,0.08,0.04,0.00,0.00,0.0000,6.0000,0.00,0.00,0,0,0.00,0.00,0,0
139651,0.00,0.00,0.96,0.00,0.00,0.06,0.03,0.00,0.00,0.0000,6.0000,0.00,0.00,0,0,0.00,0.00,0,0
139851,0.00,0.00,0.72,0.00,0.00,0.05,0.02,0.00,0.00,0.0000,6.0000,0.00,0.00,0,0,0.00,0.00,0,0
140051,0.00,0.00,0.54,0.00,0.00,0.04,0.02,0.00,0.00,0.0000,6.0000,0.00,0.00,0,0,0.00,0.00,0,0
140251,0.00,0.00,0.40,0.00,0.00,0.03,0.01,0.00,0.00,0.0000,6.0000,0.00,0.00,0,0,0.00,0.00,0,0
140451,0.00,0.00,0.30,0.00,0.00,0.02,0.01,0.00,0.00,0.0000,6.0000,0.00,0.00,0,0,0.00,0.00,0,0
140651,0.00,0.00,0.23,0.00,0.00,0.01,0.01,0.00,0.00,0.0000,6.0000,0.00,0.00,0,0,0.00,0.00,0,0
140851,0.00,0.00,0.17,0.00,0.00,0.01,0.01,0.00,0.00,0.0000,6.0000,0.00,0.00,0,0,0.00,0.00,0,0
141051,0.00,0.00,0.13,0.00,0.00,0.01,0.00,0.00,0.00,0.0000,6.0000,0.00,0.00,0,0,0.00,0.00,0,0
141251,0.00,0.00,0.10,0.00,0.00,0.01,0.00,0.00,0.00,0.0000,6.0000,0.00,0.00,0,0,0.00,0.00,0,0
141451,0.00,0.00,0.07,0.00,0.00,0.00,0.00,0.00,0.00,0.0000,6.0000,0.00,0.00,0,0,0.00,0.00,0,0
141651,0.00,0.00,0.05,0.00,0.00,0.00,0.00,0.00,0.00,0.0000,6.0000,0.00,0.00,0,0,0.00,0.00,0,0
141851,0.00,0.00,0.04,0.00,0.00,0.00,0.00,0.00,0.00,0.0000,6.0000,0.00,0.00,0,0,0.00,0.00,0,0
142051,0.00,0.00,0.03,0.00,0.00,0.00,0.00,0.00,0.00,0.0000,6.0000,0.00,0.00,0,0,0.00,0.00,0,0
142251,0.00,0.00,0.02,0.00,0.00,0.00,0.00,0.00,0.00,0.0000,6.0000,0.00,0.00,0,0,0.00,0.00,0,0
142451,0.00,0.00,0.02,0.00,0.00,0.00,0.00,0.00,0.00,0.0000,6.0000,0.00,0.00,0,0,0.00,0.00,0,0
142651,0.00,0.00,0.01,0.00,0.00,0.00,0.00,0.00,0.00,0.0000,6.0000,0.00,0.00,0,0,0.00,0.00,0,0
142851,0.00,0.00,0.01,0.00,0.00,0.00,0.00,0.00,0.00,0.0000,6.0000,0.00,0.00,0,0,0.00,0.00,0,0
143051,0.00,0.00,0.01,0.00,0.00,0.00,0.00,0.00,0.00,0.0000,6.0000,0.00,0.00,0,0,0.00,0.00,0,0
143251,0.00,0.00,0.01,0.00,0.00,0.00,0.00,0.00,0.00,0.0000,6.0000,0.00,0.00,0,0,0.00,0.00,0,0
143451,0.00,0.00,0.00,0.00,0.00,0.00,0.00,0.00,0.00,0.0000,6.0000,0.00,0.00,0,0,0.00,0.00,0,0
143651,0.00,0.00,0.00,0.00,0.00,0.00,0.00,0.00,0.00,0.0000,6.0000,0.00,0.00,0,0,0.00,0.00,0,0
143851,0.00,0.00,0.00,0.00,0.00,0.00,0.00,0.00,0.00,0.0000,6.0000,0.00,0.00,0,0,0.00,0.00,0,0
144051,0.00,0.00,75.00,300.00,0.00,4.91,2.45,0.00,0.00,0.0000,6.0000,0.00,0.00,0,0,0.00,0.00,0,0
144251,0.00,0.00,56.25,0.00,0.00,3.68,1.84,0.00,0.00,0.0000,6.0000,0.00,0.00,0,0,0.00,0.00,0,0
144451,0.00,0.00,67.19,100.00,0.00,4.40,2.20,0.00,0.00,0.0000,6.0000,0.00,0.00,0,0,0.00,0.00,0,0
144651,0.00,0.00,62.89,50.00,0.00,4.12,2.06,0.00,0.00,0.0000,6.0000,0.00,0.00,0,0,0.00,0.00,0,0
144851,0.00,0.00,47.17,0.00,0.00,3.09,1.54,0.00,0.00,0.0000,6.0000,0.00,0.00,0,0,0.00,0.00,0,0
145051,0.00,0.00,35.38,0.00,0.00,2.32,1.16,0.00,0.00,0.0000,6.0000,0.00,0.00,0,0,0.00,0.00,0,0
145251,0.00,0.00,26.53,0.00,0.00,1.74,0.87,0.00,0.00,0.0000,6.0000,0.00,0.00,0,0,0.00,0.00,0,0
145451,0.00,0.00,19.90,0.00,0.00,1.30,0.65,0.00,0.00,0.0000,6.0000,0.00,0.00,0,0,0.00,0.00,0,0
145651,0.00,0.00,14.92,0.00,0.00,0.98,0.49,0.00,0.00,0.0000,6.0000,0.00,0.00,0,0,0.00,0.00,0,0
145851,0.00,0.00,11.19,0.00,0.00,0.73,0.37,0.00,0.00,0.0000,6.0000,0.00,0.00,0,0,0.00,0.00,0,0
146051,0.00,0.00,8.39,0.00,0.00,0.55,0.27,0.00,0.00,0.0000,6.0000,0.00,0.00,0,0,0.00,0.00,0,0
146251,0.00,0.00,6.30,0.00,0.00,0.41,0.21,0.00,0.00,0.0000,6.0000,0.00,0.00,0,0,0.00,0.00,0,0
146451,0.00,0.00,4.72,0.00,0.00,0.31,0.15,0.00,0.00,0.0000,6.0000,0.00,0.00,0,0,0.00,0.00,0,0
146651,0.00,0.00,3.54,0.00,0.00,0.23,0.12,0.00,0.00,0.0000,6.0000,0.00,0.00,0,0,0.00,0.00,0,0
146851,0.00,0.00,2.66,0.00,0.00,0.17,0.09,0.00,0.00,0.0000,6.0000,0.00,0.00,0,0,0.00,0.00,0,0
147051,0.00,0.00,1.99,0.00,0.00,0.13,0.07,0.00,0.00,0.0000,6.0000,0.00,0.00,0,0,0.00,0.00,0,0
147251,0.00,0.00,26.49,100.00,0.00,1.73,0.87,0.00,0.00,0.0000,6.0000,0.00,0.00,0,0,0.00,0.00,0,0
147451,0.00,0.00,19.87,0.00,0.00,1.30,0.65,0.00,0.00,0.0000,6.0000,0.00,0.00,0,0,0.00,0.00,0,0
147651,0.00,0.00,14.90,0.00,0.00,0.98,0.49,0.00,0.00,0.0000,6.0000,0.00,0.00,0,0,0.00,0.00,0,0
147851,0.00,0.00,36.18,100.00,0.00,2.37,1.18,0.00,0.00,0.0000,6.0000,0.00,0.00,0,0,0.00,0.00,0,0
148051,0.00,0.00,27.13,0.00,0.00,1.78,0.89,0.00,0.00,0.0000,6.0000,0.00,0.00,0,0,0.00,0.00,0,0
148251,0.00,0.00,20.35,0.00,0.00,1.33,0.67,0.00,0.00,0.0000,6.0000,0.00,0.00,0,0,0.00,0.00,0,0
148451,0.00,0.00,15.26,0.00,0.00,1.00,0.50,0.00,0.00,0.0000,6.0000,0.00,0.00,0,0,0.00,0.00,0,0
148651,0.00,0.00,11.45,0.00,0.00,0.75,0.37,0.00,0.00,0.0000,6.0000,0.00,0.00,0,0,0.00,0.00,0,0
148851,0.00,0.00,8.59,0.00,0.00,0.56,0.28,0.00,0.00,0.0000,6.0000,0.00,0.00,0,0,0.00,0.00,0,0
149051,0.00,0.00,18.94,50.00,0.00,1.24,0.62,0.00,0.00,0.0000,6.0000,0.00,0.00,0,0,0.00,0.00,0,0
149251,0.00,0.00,14.20,0.00,0.00,0.93,0.46,0.00,0.00,0.0000,6.0000,0.00,0.00,0,0,0.00,0.00,0,0
149451,0.00,0.00,23.15,50.00,0.00,1.52,0.76,0.00,0.00,0.0000,6.0000,0.00,0.00,0,0,0.00,0.00,0,0
149651,0.00,0.00,17.36,0.00,0.00,1.14,0.57,0.00,0.00,0.0000,6.0000,0.00,0.00,0,0,0.00,0.00,0,0
149851,0.00,0.00,13.02,0.00,0.00,0.85,0.43,0.00,0.00,0.0000,6.0000,0.00,0.00,0,0,0.00,0.00,0,0
150051,0.00,0.00,9.77,0.00,0.00,0.64,0.32,0.00,0.00,0.0000,6.0000,0.00,0.00,0,0,0.00,0.00,0,0
150251,0.00,0.00,7.33,0.00,0.00,0.48,0.24,0.00,0.00,0.0000,6.0000,0.00,0.00,0,0,0.00,0.00,0,0
150451,0.00,0.00,5.49,0.00,0.00,0.36,0.18,0.00,0.00,0.0000,6.0000,0.00,0.00,0,0,0.00,0.00,0,0
150651,0.00,0.00,4.12,0.00,0.00,0.27,0.13,0.00,0.00,0.0000,6.0000,0.00,0.00,0,0,0.00,0.00,0,0
150851,0.00,0.00,3.09,0.00,0.00,0.20,0.10,0.00,0.00,0.0000,6.0000,0.00,0.00,0,0,0.00,0.00,0,0
151051,0.00,0.00,2.32,0.00,0.00,0.15,0.08,0.00,0.00,0.0000,6.0000,0.00,0.00,0,0,0.00,0.00,0,0
151251,0.00,0.00,1.74,0.00,0.00,0.11,0.06,0.00,0.00,0.0000,6.0000,0.00,0.00,0,0,0.00,0.00,0,0
151451,0.00,0.00,1.30,0.00,0.00,0.09,0.04,0.00,0.00,0.0000,6.0000,0.00,0.00,0,0,0.00,0.00,0,0
151651,0.00,0.00,0.98,0.00,0.00,0.06,0.03,0.00,0.00,0.0000,6.0000,0.00,0.00,0,0,0.00,0.00,0,0
151851,0.00,0.00,0.73,0.00,0.00,0.05,0.02,0.00,0.00,0.0000,6.0000,0.00,0.00,0,0,0.00,0.00,0,0
152051,0.00,0.00,0.55,0.00,0.00,0.04,0.02,0.00,0.00,0.0000,6.0000,0.00,0.00,0,0,0.00,0.00,0,0
152251,0.00,0.00,0.41,0.00,0.00,0.03,0.01,0.00,0.00,0.0000,6.0000,0.00,0.00,0,0,0.00,0.00,0,0
152451,0.00,0.00,0.31,0.00,0.00,0.02,0.01,0.00,0.00,0.0000,6.0000,0.00,0.00,0,0,0.00,0.00,0,0
152651,0.00,0.00,0.23,0.00,0.00,0.02,0.01,0.00,0.00,0.0000,6.0000,0.00,0.00,0,0,0.00,0.00,0,0
152851,0.00,0.00,0.17,0.00,0.00,0.01,0.01,0.00,0.00,0.0000,6.0000,0.00,0.00,0,0,0.00,0.00,0,0
153051,0.00,0.00,0.13,0.00,0.00,0.01,0.00,0.00,0.00,0.0000,6.0000,0.00,0.00,0,0,0.00,0.00,0,0
153251,0.00,0.00,0.10,0.00,0.00,0.01,0.00,0.00,0.00,0.0000,6.0000,0.00,0.00,0,0,0.00,0.00,0,0
153451,0.00,0.00,0.07,0.00,0.00,0.00,0.00,0.00,0.00,0.0000,6.0000,0.00,0.00,0,0,0.00,0.00,0,0
153651,0.00,0.00,0.06,0.00,0.00,0.00,0.00,0.00,0.00,0.0000,6.0000,0.00,0.00,0,0,0.00,0.00,0,0
153851,0.00,0.00,0.04,0.00,0.00,0.00,0.00,0.00,0.00,0.0000,6.0000,0.00,0.00,0,0,0.00,0.00,0,0
154051,0.00,0.00,0.03,0.00,0.00,0.00,0.00,0.00,0.00,0.0000,6.0000,0.00,0.00,0,0,0.00,0.00,0,0
154251,0.00,0.00,0.02,0.00,0.00,0.00,0.00,0.00,0.00,0.0000,6.0000,0.00,0.00,0,0,0.00,0.00,0,0
154451,0.00,0.00,0.02,0.00,0.00,0.00,0.00,0.00,0.00,0.0000,6.0000,0.00,0.00,0,0,0.00,0.00,0,0
154651,0.00,0.00,0.01,0.00,0.00,0.00,0.00,0.00,0.00,0.0000,6.0000,0.00,0.00,0,0,0.00,0.00,0,0
154851,0.00,0.00,0.01,0.00,0.00,0.00,0.00,0.00,0.00,0.0000,6.0000,0.00,0.00,0,0,0.00,0.00,0,0
155051,0.00,0.00,0.01,0.00,0.00,0.00,0.00,0.00,0.00,0.0000,6.0000,0.00,0.00,0,0,0.00,0.00,0,0
155251,0.00,0.00,0.01,0.00,0.00,0.00,0.00,0.00,0.00,0.0000,6.0000,0.00,0.00,0,0,0.00,0.00,0,0
155451,0.00,0.00,0.00,0.00,0.00,0.00,0.00,0.00,0.00,0.0000,6.0000,0.00,0.00,0,0,0.00,0.00,0,0
155651,0.00,0.00,0.00,0.00,0.00,0.00,0.00,0.00,0.00,0.0000,6.0000,0.00,0.00,0,0,0.00,0.00,0,0
155851,0.00,0.00,0.00,0.00,0.00,0.00,0.00,0.00,0.00,0.0000,6.0000,0.00,0.00,0,0,0.00,0.00,0,0
156051,0.00,0.00,0.00,0.00,0.00,0.00,0.00,0.00,0.00,0.0000,6.0000,0.00,0.00,0,0,0.00,0.00,0,0
156251,0.00,0.00,0.00,0.00,0.00,0.00,0.00,0.00,0.00,0.0000,6.0000,0.00,0.00,0,0,0.00,0.00,0,0
156451,0.00,0.00,50.00,200.00,0.00,3.27,1.64,0.00,0.00,0.0000,6.0000,0.00,0.00,0,0,0.00,0.00,0,0
156651,0.00,0.00,37.50,0.00,0.00,2.45,1.23,0.00,0.00,0.0000,6.0000,0.00,0.00,0,0,0.00,0.00,0,0
156851,0.00,0.00,28.13,0.00,0.00,1.84,0.92,0.00,0.00,0.0000,6.0000,0.00,0.00,0,0,0.00,0.00,0,0
157051,0.00,0.00,33.59,50.00,0.00,2.20,1.10,0.00,0.00,0.0000,6.0000,0.00,0.00,0,0,0.00,0.00,0,0
157251,0.00,0.00,25.20,0.00,0.00,1.65,0.82,0.00,0.00,0.0000,6.0000,0.00,0.00,0,0,0.00,0.00,0,0
157451,0.00,0.00,18.90,0.00,0.00,1.24,0.62,0.00,0.00,0.0000,6.0000,0.00,0.00,0,0,0.00,0.00,0,0
157651,0.00,0.00,14.17,0.00,0.00,0.93,0.46,0.00,0.00,0.0000,6.0000,0.00,0.00,0,0,0.00,0.00,0,0
157851,0.00,0.00,10.63,0.00,0.00,0.70,0.35,0.00,0.00,0.0000,6.0000,0.00,0.00,0,0,0.00,0.00,0,0
158051,0.00,0.00,7.97,0.00,0.00,0.52,0.26,0.00,0.00,0.0000,6.0000,0.00,0.00,0,0,0.00,0.00,0,0
158251,0.00,0.00,5.98,0.00,0.00,0.39,0.20,0.00,0.00,0.0000,6.0000,0.00,0.00,0,0,0.00,0.00,0,0
158451,0.00,0.00,4.48,0.00,0.00,0.29,0.15,0.00,0.00,0.0000,6.0000,0.00,0.00,0,0,0.00,0.00,0,0
158651,0.00,0.00,3.36,0.00,0.00,0.22,0.11,0.00,0.00,0.0000,6.0000,0.00,0.00,0,0,0.00,0.00,0,0
158851,0.00,0.00,2.52,0.00,0.00,0.17,0.08,0.00,0.00,0.0000,6.0000,0.00,0.00,0,0,0.00,0.00,0,0
159051,0.00,0.00,14.39,50.00,0.00,0.94,0.47,0.00,0.00,0.0000,6.0000,0.00,0.00,0,0,0.00,0.00,0,0
159251,0.00,0.00,10.79,0.00,0.00,0.71,0.35,0.00,0.00,0.0000,6.0000,0.00,0.00,0,0,0.00,0.00,0,0
159451,0.00,0.00,8.10,0.00,0.00,0.53,0.26,0.00,0.00,0.0000,6.0000,0.00,0.00,0,0,0.00,0.00,0,0
159651,0.00,0.00,6.07,0.00,0.00,0.40,0.20,0.00,0.00,0.0000,6.0000,0.00,0.00,0,0,0.00,0.00,0,0
159851,0.00,0.00,4.55,0.00,0.00,0.30,0.15,0.00,0.00,0.0000,6.0000,0.00,0.00,0,0,0.00,0.00,0,0
160051,0.00,0.00,3.42,0.00,0.00,0.22,0.11,0.00,0.00,0.0000,6.0000,0.00,0.00,0,0,0.00,0.00,0,0
160251,0.00,0.00,27.56,100.00,0.00,1.80,0.90,0.00,0.00,0.0000,6.0000,0.00,0.00,0,0,0.00,0.00,0,0
160451,0.00,0.00,20.67,0.00,0.00,1.35,0.68,0.00,0.00,0.0000,6.0000,0.00,0.00,0,0,0.00,0.00,0,0
160651,0.00,0.00,28.00,50.00,0.00,1.83,0.92,0.00,0.00,0.0000,6.0000,0.00,0.00,0,0,0.00,0.00,0,0
160851,0.00,0.00,46.00,100.00,0.00,3.01,1.51,0.00,0.00,0.0000,6.0000,0.00,0.00,0,0,0.00,0.00,0,0
161051,0.00,0.00,34.50,0.00,0.00,2.26,1.13,0.00,0.00,0.0000,6.0000,0.00,0.00,0,0,0.00,0.00,0,0
161251,0.00,0.00,25.88,0.00,0.00,1.69,0.85,0.00,0.00,0.0000,6.0000,0.00,0.00,0,0,0.00,0.00,0,0
161451,0.00,0.00,19.41,0.00,0.00,1.27,0.64,0.00,0.00,0.0000,6.0000,0.00,0.00,0,0,0.00,0.00,0,0
161651,0.00,0.00,14.56,0.00,0.00,0.95,0.48,0.00,0.00,0.0000,6.0000,0.00,0.00,0,0,0.00,0.00,0,0
161851,0.00,0.00,10.92,0.00,0.00,0.71,0.36,0.00,0.00,0.0000,6.0000,0.00,0.00,0,0,0.00,0.00,0,0
162051,0.00,0.00,8.19,0.00,0.00,0.54,0.27,0.00,0.00,0.0000,6.0000,0.00,0.00,0,0,0.00,0.00,0,0
162251,0.00,0.00,6.14,0.00,0.00,0.40,0.20,0.00,0.00,0.0000,6.0000,0.00,0.00,0,0,0.00,0.00,0,0
162451,0.00,0.00,4.61,0.00,0.00,0.30,0.15,0.00,0.00,0.0000,6.0000,0.00,0.00,0,0,0.00,0.00,0,0
162651,0.00,0.00,28.45,100.00,0.00,1.86,0.93,0.00,0.00,0.0000,6.0000,0.00,0.00,0,0,0.00,0.00,0,0
162851,0.00,0.00,33.84,50.00,0.00,2.21,1.11,0.00,0.00,0.0000,6.0000,0.00,0.00,0,0,0.00,0.00,0,0
163051,0.00,0.00,37.88,50.00,0.00,2.48,1.24,0.00,0.00,0.0000,6.0000,0.00,0.00,0,0,0.00,0.00,0,0
163251,0.00,0.00,28.41,0.00,0.00,1.86,0.93,0.00,0.00,0.0000,6.0000,0.00,0.00,0,0,0.00,0.00,0,0
163451,0.00,0.00,58.81,150.00,0.00,3.85,1.92,0.00,0.00,0.0000,6.0000,0.00,0.00,0,0,0.00,0.00,0,0
163651,0.00,0.00,44.11,0.00,0.00,2.89,1.44,0.00,0.00,0.0000,6.0000,0.00,0.00,0,0,0.00,0.00,0,0
163851,0.00,0.00,33.08,0.00,0.00,2.17,1.08,0.00,0.00,0.0000,6.0000,0.00,0.00,0,0,0.00,0.00,0,0
164051,0.00,0.00,24.81,0.00,0.00,1.62,0.81,0.00,0.00,0.0000,6.0000,0.00,0.00,0,0,0.00,0.00,0,0
164251,0.00,0.00,18.61,0.00,0.00,1.22,0.61,0.00,0.00,0.0000,6.0000,0.00,0.00,0,0,0.00,0.00,0,0
164451,0.00,0.00,13.96,0.00,0.00,0.91,0.46,0.00,0.00,0.0000,6.0000,0.00,0.00,0,0,0.00,0.00,0,0
164651,0.00,0.00,22.97,50.00,0.00,1.50,0.75,0.00,0.00,0.0000,6.0000,0.00,0.00,0,0,0.00,0.00,0,0
164851,0.00,0.00,29.72,50.00,0.00,1.95,0.97,0.00,0.00,0.0000,6.0000,0.00,0.00,0,0,0.00,0.00,0,0
165051,0.00,0.00,22.29,0.00,0.00,1.46,0.73,0.00,0.00,0.0000,6.0000,0.00,0.00,0,0,0.00,0.00,0,0
165251,0.00,0.00,16.72,0.00,0.00,1.09,0.55,0.00,0.00,0.0000,6.0000,0.00,0.00,0,0,0.00,0.00,0,0
165451,0.00,0.00,12.54,0.00,0.00,0.82,0.41,0.00,0.00,0.0000,6.0000,0.00,0.00,0,0,0.00,0.00,0,0
165651,0.00,0.00,9.41,0.00,0.00,0.62,0.31,0.00,0.00,0.0000,6.0000,0.00,0.00,0,0,0.00,0.00,0,0
165851,0.00,0.00,7.05,0.00,0.00,0.46,0.23,0.00,0.00,0.0000,6.0000,0.00,0.00,0,0,0.00,0.00,0,0
166051,0.00,0.00,5.29,0.00,0.00,0.35,0.17,0.00,0.00,0.0000,6.0000,0.00,0.00,0,0,0.00,0.00,0,0
166251,0.00,0.00,3.97,0.00,0.00,0.26,0.13,0.00,0.00,0.0000,6.0000,0.00,0.00,0,0,0.00,0.00,0,0
166451,0.00,0.00,2.98,0.00,0.00,0.19,0.10,0.00,0.00,0.0000,6.0000,0.00,0.00,0,0,0.00,0.00,0,0
166651,0.00,0.00,2.23,0.00,0.00,0.15,0.07,0.00,0.00,0.0000,6.0000,0.00,0.00,0,0,0.00,0.00,0,0
166851,0.00,0.00,14.17,50.00,0.00,0.93,0.46,0.00,0.00,0.0000,6.0000,0.00,0.00,0,0,0.00,0.00,0,0
167051,0.00,0.00,10.63,0.00,0.00,0.70,0.35,0.00,0.00,0.0000,6.0000,0.00,0.00,0,0,0.00,0.00,0,0
167251,0.00,0.00,7.97,0.00,0.00,0.52,0.26,0.00,0.00,0.0000,6.0000,0.00,0.00,0,0,0.00,0.00,0,0
167451,0.00,0.00,30.98,100.00,0.00,2.03,1.01,0.00,0.00,0.0000,6.0000,0.00,0.00,0,0,0.00,0.00,0,0
167651,0.00,0.00,23.23,0.00,0.00,1.52,0.76,0.00,0.00,0.0000,6.0000,0.00,0.00,0,0,0.00,0.00,0,0
167851,0.00,0.00,17.43,0.00,0.00,1.14,0.57,0.00,0.00,0.0000,6.0000,0.00,0.00,0,0,0.00,0.00,0,0
168051,0.00,0.00,13.07,0.00,0.00,0.86,0.43,0.00,0.00,0.0000,6.0000,0.00,0.00,0,0,0.00,0.00,0,0
168251,0.00,0.00,9.80,0.00,0.00,0.64,0.32,0.00,0.00,0.0000,6.0000,0.00,0.00,0,0,0.00,0.00,0,0
168451,0.00,0.00,7.35,0.00,0.00,0.48,0.24,0.00,0.00,0.0000,6.0000,0.00,0.00,0,0,0.00,0.00,0,0
168651,0.00,0.00,5.51,0.00,0.00,0.36,0.18,0.00,0.00,0.0000,6.0000,0.00,0.00,0,0,0.00,0.00,0,0
168851,0.00,0.00,4.14,0.00,0.00,0.27,0.14,0.00,0.00,0.0000,6.0000,0.00,0.00,0,0,0.00,0.00,0,0
169051,0.00,0.00,3.10,0.00,0.00,0.20,0.10,0.00,0.00,0.0000,6.0000,0.00,0.00,0,0,0.00,0.00,0,0
169251,0.00,0.00,2.33,0.00,0.00,0.15,0.08,0.00,0.00,0.0000,6.0000,0.00,0.00,0,0,0.00,0.00,0,0
169451,0.00,0.00,1.74,0.00,0.00,0.11,0.06,0.00,0.00,0.0000,6.0000,0.00,0.00,0,0,0.00,0.00,0,0
169651,0.00,0.00,1.31,0.00,0.00,0.09,0.04,0.00,0.00,0.0000,6.0000,0.00,0.00,0,0,0.00,0.00,0,0
169851,0.00,0.00,0.98,0.00,0.00,0.06,0.03,0.00,0.00,0.0000,6.0000,0.00,0.00,0,0,0.00,0.00,0,0
170051,0.00,0.00,0.74,0.00,0.00,0.05,0.02,0.00,0.00,0.0000,6.0000,0.00,0.00,0,0,0.00,0.00,0,0
170251,0.00,0.00,0.55,0.00,0.00,0.04,0.02,0.00,0.00,0.0000,6.0000,0.00,0.00,0,0,0.00,0.00,0,0
170451,0.00,0.00,0.41,0.00,0.00,0.03,0.01,0.00,0.00,0.0000,6.0000,0.00,0.00,0,0,0.00,0.00,0,0
170651,0.00,0.00,0.31,0.00,0.00,0.02,0.01,0.00,0.00,0.0000,6.0000,0.00,0.00,0,0,0.00,0.00,0,0
170851,0.00,0.00,12.73,50.00,0.00,0.83,0.42,0.00,0.00,0.0000,6.0000,0.00,0.00,0,0,0.00,0.00,0,0
171051,0.00,0.00,9.55,0.00,0.00,0.63,0.31,0.00,0.00,0.0000,6.0000,0.00,0.00,0,0,0.00,0.00,0,0
171251,0.00,0.00,7.16,0.00,0.00,0.47,0.23,0.00,0.00,0.0000,6.0000,0.00,0.00,0,0,0.00,0.00,0,0
171451,0.00,0.00,5.37,0.00,0.00,0.35,0.18,0.00,0.00,0.0000,6.0000,0.00,0.00,0,0,0.00,0.00,0,0
171651,0.00,0.00,4.03,0.00,0.00,0.26,0.13,0.00,0.00,0.0000,6.0000,0.00,0.00,0,0,0.00,0.00,0,0
171851,0.00,0.00,3.02,0.00,0.00,0.20,0.10,0.00,0.00,0.0000,6.0000,0.00,0.00,0,0,0.00,0.00,0,0
172051,0.00,0.00,2.27,0.00,0.00,0.15,0.07,0.00,0.00,0.0000,6.0000,0.00,0.00,0,0,0.00,0.00,0,0
172251,0.00,0.00,1.70,0.00,0.00,0.11,0.06,0.00,0.00,0.0000,6.0000,0.00,0.00,0,0,0.00,0.00,0,0
172451,0.00,0.00,1.27,0.00,0.00,0.08,0.04,0.00,0.00,0.0000,6.0000,0.00,0.00,0,0,0.00,0.00,0,0
172651,0.00,0.00,0.96,0.00,0.00,0.06,0.03,0.00,0.00,0.0000,6.0000,0.00,0.00,0,0,0.00,0.00,0,0
172851,0.00,0.00,0.72,0.00,0.00,0.05,0.02,0.00,0.00,0.0000,6.0000,0.00,0.00,0,0,0.00,0.00,0,0
173051,0.00,0.00,0.54,0.00,0.00,0.04,0.02,0.00,0.00,0.0000,6.0000,0.00,0.00,0,0,0.00,0.00,0,0
173251,0.00,0.00,0.40,0.00,0.00,0.03,0.01,0.00,0.00,0.0000,6.0000,0.00,0.00,0,0,0.00,0.00,0,0
173451,0.00,0.00,0.30,0.00,0.00,0.02,0.01,0.00,0.00,0.0000,6.0000,0.00,0.00,0,0,0.00,0.00,0,0
173651,0.00,0.00,0.23,0.00,0.00,0.01,0.01,0.00,0.00,0.0000,6.0000,0.00,0.00,0,0,0.00,0.00,0,0
173851,0.00,0.00,0.17,0.00,0.00,0.01,0.01,0.00,0.00,0.0000,6.0000,0.00,0.00,0,0,0.00,0.00,0,0
174051,0.00,0.00,0.13,0.00,0.00,0.01,0.00,0.00,0.00,0.0000,6.0000,0.00,0.00,0,0,0.00,0.00,0,0
174251,0.00,0.00,0.10,0.00,0.00,0.01,0.00,0.00,0.00,0.0000,6.0000,0.00,0.00,0,0,0.00,0.00,0,0
174451,0.00,0.00,0.07,0.00,0.00,0.00,0.00,0.00,0.00,0.0000,6.0000,0.00,1.00,0,0,0.00,0.00,0,0
174651,0.00,0.00,0.05,0.00,0.00,0.00,0.00,0.00,0.00,0.0000,6.0000,0.00,1.00,0,0,0.00,0.00,0,0
174851,0.00,0.00,0.04,0.00,0.00,0.00,0.00,0.00,0.00,0.0000,6.0000,0.00,1.00,0,0,0.00,0.00,0,0
175051,0.00,0.00,0.03,0.00,0.00,0.00,0.00,0.00,0.00,0.0000,6.0000,0.00,1.00,0,0,0.00,0.00,0,0
175251,0.00,0.00,0.02,0.00,0.00,0.00,0.00,0.00,0.00,0.0000,6.0000,0.00,1.00,0,0,0.00,0.00,0,0
175451,0.00,0.00,0.02,0.00,0.00,0.00,0.00,0.00,0.00,0.0000,6.0000,0.00,1.00,0,0,0.00,0.00,0,0
175651,0.00,0.00,0.01,0.00,0.00,0.00,0.00,0.00,0.00,0.0000,6.0000,0.00,1.00,0,0,0.00,0.00,0,0
175851,0.00,0.00,0.01,0.00,0.00,0.00,0.00,0.00,0.00,0.0000,6.0000,0.00,1.00,0,0,0.00,0.00,0,0
176051,0.00,0.00,0.01,0.00,0.00,0.00,0.00,0.00,0.00,0.0000,6.0000,0.00,1.00,0,0,0.00,0.00,0,0
176251,0.00,0.00,0.01,0.00,0.00,0.00,0.00,0.00,0.00,0.0000,6.0000,0.00,1.00,0,0,0.00,0.00,0,0
