time_us,engine_rpm,wheel_rpm,secondary_rpm,sheave_position,sheave_setpoint,pwm,brake_position,kp_term,ki_term,kd_term
658835, 0.000000, 525.000000, 0.000000, -90.000000, -90.000000, 0.000000, 0.000000, 0.000000, 0.000000, 0.000000
861833, 0.000000, 147.783249, 0.000000, -90.000000, -90.000000, 0.000000, 0.000000, 0.000000, 0.000000, 0.000000
1072932, 0.000000, 0.000000, 0.000000, -90.000000, -90.000000, 0.000000, 0.000000, 0.000000, 0.000000, 0.000000
1274844, 0.000000, 0.000000, 0.000000, -90.000000, -90.000000, 0.000000, 0.000000, 0.000000, 0.000000, 0.000000
1475848, 0.000000, 0.000000, 0.000000, -90.000000, -90.000000, 0.000000, 0.000000, 0.000000, 0.000000, 0.000000
1677749, 0.000000, 0.000000, 0.000000, -90.000000, -90.000000, 0.000000, 0.000000, 0.000000, 0.000000, 0.000000
1878522, 0.000000, 0.000000, 0.000000, -90.000000, -90.000000, 0.000000, 0.000000, 0.000000, 0.000000, 0.000000
2091453, 0.000000, 0.000000, 0.000000, -90.000000, -90.000000, 0.000000, 0.000000, 0.000000, 0.000000, 0.000000
2291929, 0.000000, 0.000000, 0.000000, -90.000000, -90.000000, 0.000000, 0.000000, 0.000000, 0.000000, 0.000000
2494878, 0.000000, 0.000000, 0.000000, -90.000000, -90.000000, 0.000000, 0.000000, 0.000000, 0.000000, 0.000000
2696874, 0.000000, 0.000000, 0.000000, -90.000000, -90.000000, 0.000000, 0.000000, 0.000000, 0.000000, 0.000000
2897896, 0.000000, 149.252991, 0.000000, -90.000000, -90.000000, 0.000000, 0.000000, 0.000000, 0.000000, 0.000000
3108725, 0.000000, 0.000000, 0.000000, -90.000000, -90.000000, 0.000000, 0.000000, 0.000000, 0.000000, 0.000000
3310720, 0.000000, 0.000000, 0.000000, -90.000000, -90.000000, 0.000000, 0.000000, 0.000000, 0.000000, 0.000000
3511748, 0.000000, 0.000000, 0.000000, -90.000000, -90.000000, 0.000000, 0.000000, 0.000000, 0.000000, 0.000000
3713743, 0.000000, 0.000000, 0.000000, -90.000000, -90.000000, 0.000000, 0.000000, 0.000000, 0.000000, 0.000000
3914809, 0.000000, 0.000000, 0.000000, -90.000000, -90.000000, 0.000000, 0.000000, 0.000000, 0.000000, 0.000000
4116882, 0.000000, 0.000000, 0.000000, -90.000000, -90.000000, 0.000000, 0.000000, 0.000000, 0.000000, 0.000000
4327713, 0.000000, 970.163757, 0.000000, -90.000000, -90.000000, 0.000000, 0.000000, 0.000000, 0.000000, 0.000000
4530877, 0.000000, 221.674881, 0.000000, -90.000000, -90.000000, 0.000000, 0.000000, 0.000000, 0.000000, 0.000000
4731783, 0.000000, 0.000000, 0.000000, -90.000000, -90.000000, 0.000000, 0.000000, 0.000000, 0.000000, 0.000000
4933778, 0.000000, 0.000000, 0.000000, -90.000000, -90.000000, 0.000000, 0.000000, 0.000000, 0.000000, 0.000000
5144870, 0.000000, 0.000000, 0.000000, -90.000000, -90.000000, 0.000000, 0.000000, 0.000000, 0.000000, 0.000000
5346952, 0.000000, 0.000000, 0.000000, -90.000000, -90.000000, 0.000000, 0.000000, 0.000000, 0.000000, 0.000000
5547910, 0.000000, 0.000000, 0.000000, -90.000000, -90.000000, 0.000000, 0.000000, 0.000000, 0.000000, 0.000000
5749906, 0.000000, 0.000000, 0.000000, -90.000000, -90.000000, 0.000000, 0.000000, 0.000000, 0.000000, 0.000000
5950911, 0.000000, 149.253723, 0.000000, -90.000000, -90.000000, 0.000000, 0.000000, 0.000000, 0.000000, 0.000000
6161828, 0.000000, 374.994385, 0.000000, -90.000000, -90.000000, 0.000000, 0.000000, 0.000000, 0.000000, 0.000000
6364834, 0.000000, 222.774490, 0.000000, -90.000000, -90.000000, 0.000000, 0.000000, 0.000000, 0.000000, 0.000000
6575933, 0.000000, 298.508942, 0.000000, -90.000000, -90.000000, 0.000000, 0.000000, 0.000000, 0.000000, 0.000000
6778746, 0.000000, 594.056458, 0.000000, -90.000000, -90.000000, 0.000000, 0.000000, 0.000000, 0.000000, 0.000000
6991480, 0.000000, 369.387146, 0.000000, -90.000000, -90.000000, 0.000000, 0.000000, 0.000000, 0.000000, 0.000000
7191846, 0.000000, 374.996246, 0.000000, -90.000000, -90.000000, 0.000000, 0.000000, 0.000000, 0.000000, 0.000000
7402748, 0.000000, 568.833618, 0.000000, -90.000000, -90.000000, 0.000000, 0.000000, 0.000000, 0.000000, 0.000000
7603751, 0.000000, 447.761169, 0.000000, -90.000000, -90.000000, 0.000000, 0.000000, 0.000000, 0.000000, 0.000000
7816893, 0.000000, 149.251511, 0.000000, -90.000000, -90.000000, 0.000000, 0.000000, 0.000000, 0.000000, 0.000000
8019911, 0.000000, 73.892357, 0.000000, -90.000000, -90.000000, 0.000000, 0.000000, 0.000000, 0.000000, 0.000000
8220537, 0.000000, 148.514847, 0.000000, -90.000000, -90.000000, 0.000000, 0.000000, 0.000000, 0.000000, 0.000000
8433775, 0.000000, 1194.029785, 0.000000, -90.000000, -90.000000, 0.000000, 0.000000, 0.000000, 0.000000, 0.000000
8644876, 0.000000, 447.761169, 0.000000, -90.000000, -90.000000, 0.000000, 0.000000, 0.000000, 0.000000, 0.000000
8847854, 0.000000, 445.540131, 0.000000, -90.000000, -90.000000, 0.000000, 0.000000, 0.000000, 0.000000, 0.000000
9050860, 0.000000, 373.138062, 0.000000, -90.000000, -90.000000, 0.000000, 0.000000, 0.000000, 0.000000, 0.000000
9261796, 0.000000, 591.019470, 0.000000, -90.000000, -90.000000, 0.000000, 0.000000, 0.000000, 0.000000, 0.000000
9464802, 0.000000, 373.134308, 0.000000, -90.000000, -90.000000, 0.000000, 0.000000, 0.000000, 0.000000, 0.000000
9677765, 0.000000, 445.544525, 0.000000, -90.000000, -90.000000, 0.000000, 0.000000, 0.000000, 0.000000, 0.000000
9880876, 0.000000, 588.226624, 0.000000, -90.000000, -90.000000, 0.000000, 0.000000, 0.000000, 0.000000, 0.000000
10091910, 0.000000, 447.765656, 0.000000, -90.000000, -90.000000, 0.000000, 0.000000, 0.000000, 0.000000, 0.000000
10294888, 0.000000, 297.076752, 0.000000, -90.000000, -90.000000, 0.000000, 0.000000, 0.000000, 0.000000, 0.000000
10497886, 0.000000, 298.519348, 0.000000, -90.000000, -90.000000, 0.000000, 0.000000, 0.000000, 0.000000, 0.000000
10708743, 0.000000, 443.351959, 0.000000, -90.000000, -90.000000, 0.000000, 0.000000, 0.000000, 0.000000, 0.000000
10911836, 0.000000, 299.995514, 0.000000, -90.000000, -90.000000, 0.000000, 0.000000, 0.000000, 0.000000, 0.000000
11122936, 0.000000, 443.356293, 0.000000, -90.000000, -90.000000, 0.000000, 0.000000, 0.000000, 0.000000, 0.000000
11325872, 0.000000, 375.000000, 0.000000, -90.000000, -90.000000, 0.000000, 0.000000, 0.000000, 0.000000, 0.000000
11528530, 0.000000, 522.385437, 0.000000, -90.000000, -90.000000, 0.000000, 0.000000, 0.000000, 0.000000, 0.000000
11741921, 0.000000, 369.383514, 0.000000, -90.000000, -90.000000, 0.000000, 0.000000, 0.000000, 0.000000, 0.000000
11942523, 0.000000, 375.000000, 0.000000, -90.000000, -90.000000, 0.000000, 0.000000, 0.000000, 0.000000, 0.000000
12155773, 0.000000, 591.138855, 0.000000, -90.000000, -90.000000, 0.000000, 0.000000, 0.000000, 0.000000, 0.000000
12358825, 0.000000, 295.566498, 0.000000, -90.000000, -90.000000, 0.000000, 0.000000, 0.000000, 0.000000, 0.000000
12569883, 0.000000, 450.000000, 0.000000, -90.000000, -90.000000, 0.000000, 0.000000, 0.000000, 0.000000, 0.000000
12772902, 0.000000, 369.452667, 0.000000, -90.000000, -90.000000, 0.000000, 0.000000, 0.000000, 0.000000, 0.000000
12975889, 0.000000, 445.621765, 0.000000, -90.000000, -90.000000, 0.000000, 0.000000, 0.000000, 0.000000, 0.000000
13186766, 0.000000, 671.665161, 0.000000, -90.000000, -90.000000, 0.000000, 0.000000, 0.000000, 0.000000, 0.000000
13389851, 0.000000, 298.508942, 0.000000, -90.000000, -90.000000, 0.000000, 0.000000, 0.000000, 0.000000, 0.000000
13600844, 0.000000, 594.059387, 0.000000, -90.000000, -90.000000, 0.000000, 0.000000, 0.000000, 0.000000, 0.000000
13803755, 0.000000, 522.380249, 0.000000, -90.000000, -90.000000, 0.000000, 0.000000, 0.000000, 0.000000, 0.000000
14016487, 0.000000, 443.354126, 0.000000, -90.000000, -90.000000, 0.000000, 0.000000, 0.000000, 0.000000, 0.000000
14216888, 0.000000, 750.000000, 0.000000, -90.000000, -90.000000, 0.000000, 0.000000, 0.000000, 0.000000, 0.000000
14427765, 0.000000, 298.507446, 0.000000, -90.000000, -90.000000, 0.000000, 0.000000, 0.000000, 0.000000, 0.000000
14628526, 0.000000, 710.769104, 0.000000, -90.000000, -90.000000, 0.000000, 0.000000, 0.000000, 0.000000, 0.000000
14841909, 0.000000, 0.000000, 0.000000, -90.000000, -90.000000, 0.000000, 0.000000, 0.000000, 0.000000, 0.000000
15044946, 0.000000, 147.811646, 0.000000, -90.000000, -90.000000, 0.000000, 0.000000, 0.000000, 0.000000, 0.000000
15247837, 0.000000, 447.763397, 0.000000, -90.000000, -90.000000, 0.000000, 0.000000, 0.000000, 0.000000, 0.000000
15458782, 0.000000, 297.025299, 0.000000, -90.000000, -90.000000, 0.000000, 0.000000, 0.000000, 0.000000, 0.000000
15661832, 0.000000, 149.255219, 0.000000, -90.000000, -90.000000, 0.000000, 0.000000, 0.000000, 0.000000, 0.000000
15864811, 0.000000, 517.241394, 0.000000, -90.000000, -90.000000, 0.000000, 0.000000, 0.000000, 0.000000, 0.000000
16075907, 0.000000, 373.136169, 0.000000, -90.000000, -90.000000, 0.000000, 0.000000, 0.000000, 0.000000, 0.000000
16278749, 0.000000, 0.000000, 0.000000, -90.000000, -90.000000, 0.000000, 0.000000, 0.000000, 0.000000, 0.000000
16481291, 0.000000, 147.752686, 0.000000, -90.000000, -90.000000, 0.000000, 0.000000, 0.000000, 0.000000, 0.000000
16691874, 0.000000, 355.522675, 0.000000, -90.000000, -90.000000, 0.000000, 0.000000, 0.000000, 0.000000, 0.000000
16902780, 0.000000, 223.879486, 0.000000, -90.000000, -90.000000, 0.000000, 0.000000, 0.000000, 0.000000, 0.000000
17105876, 0.000000, 671.635132, 0.000000, -90.000000, -90.000000, 0.000000, 0.000000, 0.000000, 0.000000, 0.000000
17316925, 0.000000, 742.581604, 0.000000, -90.000000, -90.000000, 0.000000, 0.000000, 0.000000, 0.000000, 0.000000
17519902, 0.000000, 522.388062, 0.000000, -90.000000, -90.000000, 0.000000, 0.000000, 0.000000, 0.000000, 0.000000
17722900, 0.000000, 517.241394, 0.000000, -90.000000, -90.000000, 0.000000, 0.000000, 0.000000, 0.000000, 0.000000
17933758, 0.000000, 373.136169, 0.000000, -90.000000, -90.000000, 0.000000, 0.000000, 0.000000, 0.000000, 0.000000
18136764, 0.000000, 297.025299, 0.000000, -90.000000, -90.000000, 0.000000, 0.000000, 0.000000, 0.000000, 0.000000
18347950, 0.000000, 373.138062, 0.000000, -90.000000, -90.000000, 0.000000, 0.000000, 0.000000, 0.000000, 0.000000
18550842, 0.000000, 446.355499, 0.000000, -90.000000, -90.000000, 0.000000, 0.000000, 0.000000, 0.000000, 0.000000
18753537, 0.000000, 446.858582, 0.000000, -90.000000, -90.000000, 0.000000, 0.000000, 0.000000, 0.000000, 0.000000
18966849, 0.000000, 441.176483, 0.000000, -90.000000, -90.000000, 0.000000, 0.000000, 0.000000, 0.000000, 0.000000
19167526, 0.000000, 297.025299, 0.000000, -90.000000, -90.000000, 0.000000, 0.000000, 0.000000, 0.000000, 0.000000
19380792, 0.000000, 373.139893, 0.000000, -90.000000, -90.000000, 0.000000, 0.000000, 0.000000, 0.000000, 0.000000
19583838, 0.000000, 73.902908, 0.000000, -90.000000, -90.000000, 0.000000, 0.000000, 0.000000, 0.000000, 0.000000
19786835, 0.000000, 298.519348, 0.000000, -90.000000, -90.000000, 0.000000, 0.000000, 0.000000, 0.000000, 0.000000
19997887, 0.000000, 0.000000, 0.000000, -90.000000, -90.000000, 0.000000, 0.000000, 0.000000, 0.000000, 0.000000
20199931, 0.000000, 0.000000, 0.000000, -90.000000, -90.000000, 0.000000, 0.000000, 0.000000, 0.000000, 0.000000
20400914, 0.000000, 148.517059, 0.000000, -90.000000, -90.000000, 0.000000, 0.000000, 0.000000, 0.000000, 0.000000
20603710, 0.000000, 0.000000, 0.000000, -90.000000, -90.000000, 0.000000, 0.000000, 0.000000, 0.000000, 0.000000
20816507, 0.000000, 1029.416870, 0.000000, -90.000000, -90.000000, 0.000000, 0.000000, 0.000000, 0.000000, 0.000000
21019869, 0.000000, 820.891418, 0.000000, -90.000000, -90.000000, 0.000000, 0.000000, 0.000000, 0.000000, 0.000000
21230785, 0.000000, 812.639771, 0.000000, -90.000000, -90.000000, 0.000000, 0.000000, 0.000000, 0.000000, 0.000000
21433792, 0.000000, 142.208405, 0.000000, -90.000000, -90.000000, 0.000000, 0.417391, 0.000000, 0.000000, 0.000000
21675956, 0.000000, 144.054855, 0.000000, -88.000000, -35.000000, 121.680000, 0.644147, 106.000000, 19.680000, -4.000000
21939930, 0.000000, 142.989914, 0.000000, -62.000000, -35.000000, 81.949997, 0.688294, 54.000000, 43.950000, -16.000000
22213067, 0.000000, 138.110107, 0.000000, -20.000000, -35.000000, -9.870001, 0.000000, -30.000000, 44.130000, -24.000001
22475960, 237.270462, 715.775208, 0.000000, -9.000000, -35.000000, -21.070000, 0.652174, -52.000000, 24.930000, 6.000000
22750941, 645.525757, 4616.338867, 0.000000, -26.000000, -35.000000, 4.430000, 0.643478, -18.000000, 14.430000, 8.000000
23025943, 813.951111, 4483.475098, 0.000000, -25.000000, -35.000000, -11.090000, 0.661538, -20.000000, 8.910000, 0.000000
23300909, 485.916199, 1658.470459, 0.000000, -25.000000, -35.000000, -17.090000, 0.834114, -20.000000, 2.910000, 0.000000
23575927, 204.458847, 574.179138, 0.000000, -28.000000, -35.000000, -12.000000, 0.958528, -14.000000, 0.000000, 2.000000
23849946, 147.691040, 2591.380127, 0.000000, -34.000000, -35.000000, -2.000000, 0.959197, -2.000000, 0.000000, 0.000000
24124935, 593.533752, 6632.351562, 0.000000, -34.000000, -35.000000, -2.000000, 0.961204, -2.000000, 0.000000, 0.000000
24399929, 1297.272461, 2929.554443, 0.000000, -34.000000, -35.000000, -2.000000, 0.934448, -2.000000, 0.000000, 0.000000
24674992, 1658.276855, 1869.956543, 0.000000, -34.000000, -35.000000, -2.000000, 0.971237, -2.000000, 0.000000, 0.000000
24936837, 1735.647339, 1785.558960, 0.000000, -34.000000, -90.000000, -112.000000, 0.532441, -112.000000, 0.000000, 0.000000
25147434, 1769.724365, 1642.927612, 0.000000, -42.000000, -90.000000, -88.000000, 0.053512, -96.000000, 0.000000, 8.000000
25368934, 1845.405518, 1357.375488, 0.000000, -69.000000, -90.000000, -26.000000, 0.000000, -42.000000, 0.000000, 16.000000
25591495, 1890.000977, 3047.930420, 0.000000, -99.000000, -90.000000, 31.140001, 0.000000, 18.000000, 1.140000, 12.000000
25802796, 1984.899414, 2020.847046, 0.000000, -97.000000, -31.201868, 174.064102, 0.000000, 131.596268, 40.501542, 1.966293
26024896, 2365.250977, 4124.752441, 0.000000, -72.000000, -14.186142, 187.391083, 0.000000, 115.627716, 78.228193, -6.464828
26235848, 2792.910400, 3057.524170, 0.000000, -33.000000, 4.945992, 171.084976, 0.000000, 75.891983, 107.480369, -12.287369
26447563, 2990.348389, 6150.000000, 0.000000, 19.000000, 13.778740, 82.986931, 0.000000, -10.442520, 117.839817, -24.410362
26668955, 2940.185059, 4328.250488, 181.801651, 72.000000, 13.548100, -45.431496, 0.000000, -116.903801, 98.433237, -26.960931
26881040, 2735.601562, 4428.676758, 350.877197, 66.000000, 7.614602, -51.838196, 0.000000, -116.770798, 61.728127, 3.204475
27102744, 2311.711182, 3358.208984, 363.636353, 51.000000, -11.761732, -104.308372, 0.000000, -125.523468, 26.158579, -4.943481
27324969, 2133.437500, 642.759216, 363.656189, 27.000000, -24.556744, -90.228020, 0.000000, -103.113487, 0.000000, 12.885468
27536804, 2242.996826, 1268.656738, 535.762146, -13.000000, -19.655405, 15.619118, 0.000000, -13.310810, 0.000000, 28.929927
27757803, 2454.837158, 1285.959229, 545.464478, -37.000000, -10.178337, 68.471329, 0.000000, 53.643326, 9.946855, 4.881145
27979731, 2768.078369, 5700.000000, 360.958710, -30.000000, 3.835087, 99.036583, 0.000000, 67.670174, 28.279894, 3.086517
28191477, 3106.211914, 0.000000, 545.414856, -10.000000, 18.962112, 98.002319, 0.000000, 57.924225, 48.556527, -8.478432
28402767, 3289.654297, 6492.278809, 545.424805, 35.000000, 28.751190, 25.778852, 0.000000, -12.497620, 54.737062, -16.460590
28614790, 3205.937744, 71.417686, 535.714294, 60.000000, 39.386871, -1.064817, 0.000000, -41.226257, 45.819811, -5.658371
28835863, 3154.723145, 7462.686523, 545.454529, 63.000000, 46.018341, 5.600265, 0.000000, -33.963318, 32.561019, 7.002563
29046964, 3305.864014, 1499.947510, 727.325623, 53.000000, 54.429604, 40.499462, 0.000000, 2.859207, 28.126170, 9.514084
29268960, 3772.298096, 2357.670654, 892.857117, 44.000000, 76.113190, 120.455780, 0.000000, 64.226379, 37.736371, 18.493026
29479774, 4263.507324, 4925.373047, 909.107422, 36.000000, 117.781158, 263.496063, 0.000000, 163.562317, 71.805447, 28.128312
29702764, 4641.417480, 2999.428711, 909.024780, 30.000000, 176.547485, 467.805145, 0.000000, 293.094971, 140.536157, 34.174011
29924926, 4958.214355, 3731.343262, 899.070374, 24.000000, 249.006104, 642.503662, 0.000000, 450.012207, 150.000000, 42.491455
30146904, 5191.660156, 450.000000, 1071.409424, 34.000000, 300.000000, 672.000000, 0.000000, 532.000000, 150.000000, -10.000000
30368950, 5244.600098, 9599.567383, 1071.447754, 71.000000, 300.000000, 586.000000, 0.000000, 458.000000, 150.000000, -22.000000
30601944, 5162.557617, 1422.056274, 1090.849609, 123.000000, 300.000000, 476.000000, 0.000000, 354.000000, 150.000000, -28.000000
30824950, 4939.843262, 3697.804199, 1296.296265, 188.000000, 300.000000, 340.000000, 0.000000, 224.000000, 150.000000, -34.000001
31056733, 4503.354492, 5214.087402, 1454.651245, 258.000000, 300.000000, 194.000000, 0.000000, 84.000000, 150.000000, -40.000000
31279746, 3851.539062, 2686.781006, 1624.314209, 325.000000, 300.000000, 62.790001, 0.000000, -50.000000, 146.790000, -34.000001
31511801, 3085.697754, 4574.816895, 1481.344360, 372.000000, 300.000000, -27.830000, 0.000000, -144.000000, 112.170000, 4.000000
31743989, 2596.033936, 3677.301270, 1578.947388, 359.000000, 292.022766, -63.756542, 0.000000, -133.954468, 71.434988, -1.237061
31977811, 2435.528564, 1567.109619, 1818.281006, 341.000000, 271.127228, -110.698891, 0.000000, -139.745544, 30.371177, -1.324524
32210784, 2496.315674, 4977.435547, 1785.841797, 312.000000, 249.850433, -114.552063, 0.000000, -124.299133, 0.000000, 9.747070
32432871, 2648.869385, 2699.891846, 1785.682373, 271.000000, 232.347702, -64.768738, 0.000000, -77.304596, 0.000000, 12.535858
32654756, 2950.511963, 3286.215088, 1804.793457, 228.000000, 223.805740, 9.788544, 0.000000, -8.388519, 0.000000, 18.177063
32877756, 3486.940430, 3450.000000, 1818.049561, 212.000000, 232.935913, 61.782829, 0.000000, 41.871826, 5.262930, 14.648072
33099985, 3996.581299, 2400.000000, 1798.658203, 203.000000, 262.877472, 171.608215, 0.000000, 119.754944, 28.972896, 22.880371
33321947, 4355.678223, 2475.000000, 1964.250610, 192.000000, 300.000000, 308.657898, 0.000000, 216.000000, 81.720769, 10.937134
33543963, 4655.411133, 5849.794922, 1964.320801, 179.000000, 300.000000, 398.000000, 0.000000, 242.000000, 150.000000, 6.000000
33766630, 4929.261719, 5670.273438, 2000.036377, 166.000000, 300.000000, 424.000000, 0.000000, 268.000000, 150.000000, 6.000000
33988826, 5156.278320, 3742.458740, 2000.181763, 156.000000, 300.000000, 442.000000, 0.000000, 288.000000, 150.000000, 4.000000
34210845, 5306.029785, 10349.637695, 1964.390991, 149.000000, 300.000000, 456.000000, 0.000000, 302.000000, 150.000000, 4.000000
34441949, 5340.328613, 899.905518, 2000.036377, 142.000000, 300.000000, 470.000000, 0.000000, 316.000000, 150.000000, 4.000000
34663761, 5368.578125, 9670.996094, 1999.818237, 137.000000, 300.000000, 478.000000, 0.000000, 326.000000, 150.000000, 2.000000
34885853, 5360.939453, 3660.427002, 1977.954834, 148.000000, 300.000000, 442.000000, 0.000000, 304.000000, 150.000000, -12.000000
35116962, 5337.551758, 8325.358398, 2000.036377, 186.000000, 300.000000, 356.000000, 0.000000, 228.000000, 150.000000, -22.000000
35339844, 5167.208008, 5474.763672, 2037.187866, 239.000000, 300.000000, 248.000000, 0.000000, 122.000000, 150.000000, -24.000001
35571962, 4805.455078, 2924.882812, 1964.426025, 305.000000, 300.000000, 107.790001, 0.000000, -10.000000, 149.790000, -32.000000
35793958, 4168.940918, 2417.244873, 2142.857178, 373.000000, 300.000000, -53.110001, 0.000000, -146.000000, 124.890000, -32.000000
36027811, 3498.228516, 4029.850586, 2121.051514, 362.000000, 300.000000, -31.049999, 0.144482, -124.000000, 82.950000, 10.000000
36258791, 3144.864990, 2113.175293, 2181.976807, 347.000000, 300.000000, -37.599998, 0.381271, -94.000000, 50.400000, 6.000000
36479810, 3111.677490, 5000.190430, 2000.036377, 333.000000, 19.206623, -1179.173462, 0.245485, -627.586731, 0.000000, -551.586723
36702574, 3066.119141, 4449.760742, 2036.848389, 307.000000, 22.808958, -546.932373, 0.470903, -568.382080, 0.000000, 21.449707
36935778, 3044.268066, 3582.535156, 1796.945190, 265.000000, -35.000000, -538.508240, 0.521739, -557.716003, 0.000000, 19.207764
37166935, 3047.869385, 5149.688965, 1636.363647, 204.000000, 16.352051, -341.341553, 0.065552, -375.295898, 0.000000, 33.954346
37388866, 3142.328857, 7033.425293, 1272.634644, 132.000000, 20.577869, -180.771423, 0.000000, -222.844269, 0.000000, 42.072845
37610831, 3224.625977, 3214.898193, 899.329102, 52.000000, 27.545292, -2.606936, 0.000000, -48.909416, 0.000000, 46.302481
37822885, 3219.352295, 2164.178955, 701.742065, -5.000000, 37.161179, 112.598564, 0.000000, 84.322357, 11.586762, 16.689446
38043895, 3113.792236, 2285.279053, 545.464478, -9.000000, 44.090603, 146.818161, 0.298997, 106.181206, 42.142775, -1.505821
38266522, 2956.549805, 1650.000000, 545.464478, 10.000000, 45.551960, 126.851044, 0.428094, 71.103920, 70.179617, -14.432495
38477767, 2776.759277, 1200.000000, 545.504150, 46.000000, 39.964657, 41.576092, 0.000000, -12.070686, 79.697168, -26.050391
38689859, 2671.445557, 974.965820, 714.323975, 82.000000, 28.784557, -61.034439, 0.000000, -106.430885, 59.910758, -14.514313
38910820, 2684.926758, 2910.549072, 909.057861, 76.000000, 14.647888, -98.828850, 0.000000, -122.704224, 24.434015, -0.558640
39132884, 3017.945068, 1143.074829, 1082.876099, 56.000000, 15.013332, -59.637688, 0.000000, -81.973335, 0.000000, 22.335649
39344924, 3517.289307, 2699.905518, 909.024780, 16.000000, 38.044796, 78.085915, 0.000000, 44.089592, 2.859781, 31.136544
39566498, 3766.893799, 2761.290283, 719.476196, 9.000000, 64.869019, 152.959839, 0.000000, 111.738037, 28.104166, 13.117630
39777728, 3743.946533, 142.829254, 714.285706, 23.000000, 96.029213, 215.483582, 0.000000, 146.058426, 68.443711, 0.981445
39999918, 3594.211670, 447.747833, 909.157043, 59.000000, 122.825150, 228.401367, 0.000000, 127.650299, 110.463296, -9.712235
40211814, 3534.800537, 711.058899, 909.157043, 107.000000, 144.998291, 205.620895, 0.000000, 75.996582, 141.049453, -11.425140
40432835, 3574.547119, 746.268616, 1090.909058, 165.000000, 166.800415, 134.873505, 0.000000, 3.600830, 150.000000, -18.727325
40654730, 3575.270264, 1285.469360, 1082.876099, 226.000000, 190.247330, 49.372807, 0.000000, -71.505341, 139.351963, -18.473816
40877808, 3287.498535, 3284.170166, 1272.634644, 273.000000, 207.787674, -23.836414, 0.000000, -130.424652, 105.965435, 0.622803
41108786, 2896.404053, 1722.553955, 1272.819824, 260.000000, 211.190826, -20.603949, 0.000000, -97.618347, 72.431909, 4.582489
41329766, 2607.144043, 2785.183838, 1272.727295, 248.000000, 200.310242, -52.687157, 0.000000, -95.379517, 44.155862, -1.463501
41552745, 2499.998535, 4575.000000, 1272.727295, 239.000000, 181.972778, -107.056519, 0.000000, -114.054443, 12.818633, -5.820709
41785783, 2546.425049, 2399.891846, 1250.111694, 229.000000, 162.923981, -135.402863, 0.000000, -132.152039, 0.000000, -3.250824
42016934, 2632.610840, 2000.466797, 1272.773560, 196.000000, 146.977753, -87.392212, 0.000000, -98.044495, 0.000000, 10.652282
42238866, 2684.271240, 1356.884399, 1272.634644, 157.000000, 133.965332, -32.365479, 0.000000, -46.069336, 0.000000, 13.703858
42460833, 2628.384033, 1125.000000, 899.312927, 130.000000, 120.467415, -16.258133, 0.000000, -19.065170, 0.000000, 2.807037
42682805, 2567.729492, 1500.000000, 892.841187, 110.000000, 103.740807, -13.124832, 0.000000, -12.518387, 0.000000, -0.606445
42904779, 2757.496826, 1275.000000, 1071.428589, 102.000000, 89.174507, -27.108734, 0.000000, -25.650986, 0.000000, -1.457748
43127802, 3054.548828, 3412.985352, 1090.928955, 96.000000, 85.227356, -17.108734, 0.000000, -21.545288, 0.000000, 4.436554
43341560, 3149.193359, 2376.331787, 909.107422, 87.000000, 90.076805, 13.449441, 0.000000, 6.153610, 0.312005, 6.983826
43552792, 3029.481201, 4104.313965, 909.157043, 86.000000, 93.717949, 20.421545, 0.000000, 15.435898, 4.173697, 0.811951
43774882, 3059.078369, 7976.753418, 1071.485962, 90.000000, 94.838318, 16.760695, 0.000000, 9.676636, 8.163054, -1.078995
43985832, 3194.408691, 748.443237, 1090.928955, 97.000000, 100.167015, 15.997775, 0.000000, 6.334030, 10.197970, -0.534225
44207830, 3309.269287, 3128.377197, 1083.032471, 105.000000, 111.131409, 27.168602, 0.000000, 12.262817, 12.855064, 2.050720
44429790, 3399.973389, 4050.000000, 1090.829712, 111.000000, 125.391937, 53.416954, 0.000000, 28.783875, 18.972433, 5.660645
44652821, 3522.931885, 1275.000000, 1079.136719, 123.000000, 144.279785, 76.496613, 0.000000, 42.559570, 29.673977, 4.263062
44874867, 3602.667480, 1800.000000, 1250.000000, 144.000000, 167.328735, 88.351082, 0.000000, 46.657471, 43.769963, -2.076355
45096909, 3618.754395, 1564.040405, 1250.000000, 183.000000, 191.684799, 61.950752, 0.000000, 17.369598, 54.251228, -9.670075
45318979, 3531.733643, 975.000000, 1212.047729, 221.000000, 215.021790, 35.516499, 0.000000, -11.956421, 54.592947, -7.120026
45529546, 3351.690430, 7313.432617, 1296.272339, 245.000000, 233.237350, 22.804796, 0.000000, -23.525299, 48.804064, -2.473969
45752768, 3080.318848, 4641.972656, 1454.571899, 259.000000, 241.190521, 0.753943, 0.000000, -35.618958, 40.345404, -3.972504
45974893, 2864.649902, 4477.611816, 1272.796631, 258.000000, 239.796036, -6.339398, 0.000000, -36.407928, 28.431171, 1.637360
46196945, 2832.370605, 2642.454590, 1428.647949, 248.000000, 233.892349, -8.407001, 0.000000, -28.215302, 18.992016, 0.816284
46418904, 2891.582520, 4425.000000, 1428.545898, 239.000000, 228.450668, -7.958309, 0.000000, -21.098663, 11.484104, 1.656250
46641511, 2972.966797, 1349.945923, 1263.423950, 231.000000, 225.878357, -0.211231, 0.000000, -10.243286, 6.771893, 3.260162
46863811, 3054.767090, 3128.673828, 1454.466187, 223.000000, 226.598053, 18.279524, 0.000000, 7.196106, 6.206099, 4.877319
47085856, 3159.541260, 1800.000000, 1258.811646, 215.000000, 230.870651, 50.563183, 0.000000, 31.741302, 11.820688, 7.001190
47307815, 3211.114746, 1124.960571, 1249.977661, 207.000000, 238.607819, 97.612305, 0.000000, 63.215637, 26.127623, 8.269043
47529790, 3297.599121, 5330.919922, 1428.571411, 197.000000, 248.762466, 166.493088, 0.000000, 103.524933, 51.183578, 11.784576
47752803, 3541.072754, 2625.000000, 1636.363647, 186.000000, 265.279297, 264.927917, 0.000000, 158.558594, 90.202280, 16.167053
47974903, 3892.972168, 3059.579590, 1636.482666, 172.000000, 293.687164, 416.360840, 0.000000, 243.374329, 150.000000, 22.986512
48206823, 4240.148926, 2204.292969, 1607.257690, 157.000000, 300.000000, 442.000000, 0.000000, 286.000000, 150.000000, 6.000000
48428681, 4551.043945, 525.000000, 1578.947388, 146.000000, 300.000000, 464.000000, 0.000000, 308.000000, 150.000000, 6.000000
48652810, 4851.913086, 922.644531, 1666.616211, 138.000000, 300.000000, 478.000000, 0.000000, 324.000000, 150.000000, 4.000000
48866563, 5075.588867, 2970.414551, 1636.244629, 129.000000, 300.000000, 496.000000, 0.000000, 342.000000, 150.000000, 4.000000
49088869, 5210.545898, 7275.000000, 1618.210205, 119.000000, 300.000000, 518.000000, 0.000000, 362.000000, 150.000000, 6.000000
49319919, 5309.709961, 4928.571777, 1636.363647, 111.000000, 300.000000, 532.000000, 0.000000, 378.000000, 150.000000, 4.000000
49541538, 5355.658203, 3427.918457, 1636.214966, 104.000000, 300.000000, 544.000000, 0.000000, 392.000000, 150.000000, 2.000000
49763828, 5351.390137, 6374.968262, 1618.210205, 99.000000, 300.000000, 556.000000, 0.000000, 402.000000, 150.000000, 4.000000
49985875, 5370.996094, 9300.000000, 1607.114136, 109.000000, 300.000000, 520.000000, 0.000000, 382.000000, 150.000000, -12.000000
50216950, 5343.429199, 3149.889648, 1818.214844, 147.000000, 300.000000, 434.000000, 0.000000, 306.000000, 150.000000, -22.000000
50439844, 5231.938965, 3493.134766, 1666.790161, 199.000000, 300.000000, 330.000000, 0.000000, 202.000000, 150.000000, -22.000000
50671959, 4915.513672, 2599.138672, 1785.841797, 265.000000, 300.000000, 186.000000, 0.000000, 70.000000, 150.000000, -34.000001
50893884, 4331.108887, 5286.696289, 1929.960083, 333.000000, 300.000000, 44.629997, 0.000000, -66.000000, 144.630000, -34.000001
51125989, 3589.312256, 4011.825439, 1999.818237, 377.000000, 300.000000, -44.430000, 0.000000, -154.000000, 105.570000, 4.000000
51357744, 3066.827393, 5701.357422, 2105.410889, 363.000000, 300.000000, -56.040001, 0.000000, -126.000000, 63.960000, 6.000000
51579768, 2905.483398, 1650.000000, 2142.857178, 345.000000, 298.071930, -53.089317, 0.000000, -93.856140, 30.672891, 10.093933
51802762, 2949.110107, 4123.887207, 2181.857910, 323.000000, 295.066254, -38.549725, 0.000000, -55.867493, 8.378253, 8.939514
52024898, 3031.570312, 4549.051758, 2000.145508, 300.000000, 295.200897, 0.990113, 0.000000, -9.598206, 0.000000, 10.588318
52246933, 3236.645508, 4200.000000, 2142.971924, 285.000000, 300.000000, 42.385654, 0.000000, 30.000000, 3.788547, 8.597107
52468917, 3486.249756, 2399.904053, 2142.857178, 271.000000, 300.000000, 83.108551, 0.000000, 58.000000, 17.108547, 8.000000
52691555, 3777.785400, 1279.911987, 2181.818115, 256.000000, 300.000000, 133.488541, 0.000000, 88.000000, 39.488547, 6.000000
52913719, 4030.856934, 2745.950439, 2363.851318, 243.000000, 300.000000, 190.148544, 0.000000, 114.000000, 70.148547, 6.000000
53135803, 4303.693359, 4072.223633, 2321.552979, 233.000000, 300.000000, 245.648544, 0.000000, 134.000000, 107.648547, 4.000000
53357832, 4544.071777, 4200.000000, 2142.857178, 224.000000, 300.000000, 306.000000, 0.000000, 152.000000, 150.000000, 4.000000
53579809, 4719.567383, 3075.000000, 2347.121094, 215.000000, 300.000000, 326.000000, 0.000000, 170.000000, 150.000000, 6.000000
53802802, 4913.280762, 3525.000000, 2363.464355, 206.000000, 300.000000, 342.000000, 0.000000, 188.000000, 150.000000, 4.000000
54024907, 5092.326172, 1950.000000, 2157.613525, 195.000000, 300.000000, 366.000000, 0.000000, 210.000000, 150.000000, 6.000000
54246966, 5229.840820, 900.000000, 2142.818848, 184.000000, 300.000000, 386.000000, 0.000000, 232.000000, 150.000000, 4.000000
54468929, 5347.850098, 6975.000000, 2142.857178, 174.000000, 300.000000, 406.000000, 0.030769, 252.000000, 150.000000, 4.000000
54691511, 5400.396484, 1124.954956, 2181.857910, 168.000000, 300.000000, 416.000000, 0.395318, 264.000000, 150.000000, 2.000000
54913828, 5321.594238, 2559.435791, 2000.123169, 161.000000, 300.000000, 430.000000, 0.486957, 278.000000, 150.000000, 2.000000
55144917, 5045.945312, 2400.000000, 1818.214844, 178.000000, 300.000000, 380.000000, 0.435452, 244.000000, 150.000000, -14.000000
55377781, 4541.376953, 1291.569336, 1818.181885, 219.000000, -35.000000, 332.000000, 0.502341, 206.000000, 150.000000, -24.000001
55608807, 3973.169678, 4408.627441, 1636.482666, 206.000000, 62.365849, -144.656509, 0.000000, -287.268311, 110.253486, 32.358308
55841534, 3461.256836, 2439.701172, 1241.046753, 163.000000, 89.699875, -66.546570, 0.000000, -146.600250, 45.954467, 34.099212
56054742, 3171.587158, 2462.882568, 1082.973755, 114.000000, 101.677139, 24.483856, 0.000000, -24.645721, 21.294481, 27.835097
56277773, 3108.604492, 3975.000000, 909.041321, 94.000000, 106.628563, 53.631985, 0.434783, 25.257126, 24.245372, 4.129486
56499907, 3000.070068, 5456.993652, 898.666382, 94.000000, -35.000000, -330.724884, 0.517726, -160.869171, 17.406094, -187.261810
56721952, 2894.344727, 973.160706, 714.311218, 71.000000, 11.036325, -105.787201, 0.119732, -119.927353, 0.000000, 14.140152
56943942, 2790.206299, 1350.870972, 721.982544, 29.000000, 4.825020, -27.709045, 0.000000, -48.349960, 0.000000, 20.640914
57154756, 2727.718750, 2488.163574, 545.404968, -9.000000, 2.029522, 37.532784, 0.000000, 22.059044, 1.579186, 13.894554
57366920, 2691.755371, 3432.955322, 545.424805, -11.000000, 0.420631, 26.884947, 0.000000, 22.841263, 10.001843, -5.958160
57588750, 2649.525879, 428.489807, 357.142853, -1.000000, -1.468578, 4.821095, 0.000000, -0.937157, 13.362568, -7.604316
57799909, 2615.614014, 895.491211, 545.484314, 8.000000, -2.985687, -16.715263, 0.000000, -21.971375, 9.434189, -4.178078
58010789, 2614.853271, 497.741211, 545.484314, 7.000000, -3.019722, -16.511841, 0.212040, -20.039444, 3.265338, 0.262264
58222946, 2604.340088, 571.317017, 526.325012, 2.000000, -3.490049, -10.049637, 0.291639, -10.980099, 0.000000, 0.930462
58433761, 2609.854980, 447.763397, 535.714294, -3.000000, -3.243330, 2.315586, 0.220067, -0.486660, 0.000000, 2.802246
58654785, 2578.585693, 150.000000, 363.616547, -3.000000, -4.642218, -5.158619, 0.052843, -3.284435, 0.000000, -1.874184
58866554, 2527.431396, 375.000000, 359.712250, -3.000000, -6.930700, -10.175045, 0.000000, -7.861401, 0.000000, -2.313644
59077717, 2572.019531, 299.988007, 714.285706, -3.000000, -4.935968, -0.674320, 0.000000, -3.871937, 0.000000, 3.197617
59289871, 2848.482422, 2915.355225, 727.325623, -3.000000, 7.432110, 27.638376, 0.000000, 20.864220, 3.159228, 3.614929
59510779, 3155.927490, 970.149231, 545.484314, 3.000000, 21.186230, 49.852230, 0.000000, 36.372459, 12.112111, 1.367660
59721921, 3307.402100, 2399.904053, 727.272705, 11.000000, 32.111683, 66.509399, 0.000000, 42.223366, 24.356252, -0.070217
59933851, 3463.282715, 2142.530762, 886.461975, 30.000000, 48.017635, 69.189598, 0.000000, 36.035271, 36.197325, -3.042999
60154749, 3626.832764, 2440.565186, 909.024780, 59.000000, 69.986305, 59.462399, 0.000000, 21.972610, 45.377523, -7.887734
60366501, 3685.137451, 1950.000000, 719.333923, 94.000000, 97.055908, 55.981049, 0.000000, 6.111816, 48.193649, 1.675583
60588844, 3719.070312, 975.000000, 892.857117, 115.000000, 125.791267, 76.527374, 0.000000, 21.582535, 52.579742, 2.365097
60810675, 3702.727783, 7799.687988, 1090.988403, 140.000000, 154.360489, 91.059433, 0.000000, 28.720978, 60.300308, 2.038147
61022905, 3647.828369, 3756.733643, 1052.705444, 179.000000, 181.627884, 65.236046, 0.000000, 5.255768, 66.741050, -6.760772
61244665, 3532.652100, 3293.281738, 1272.727295, 223.000000, 205.597382, 14.512736, 0.000000, -34.805237, 62.348643, -13.030670
61466586, 3342.114746, 6974.860840, 1272.750366, 248.000000, 223.415833, 1.373505, 0.000000, -49.168335, 49.099365, 1.442474
61688808, 3097.048340, 3450.000000, 1454.624756, 251.000000, 231.890701, 3.618293, 0.000000, -38.218597, 35.459692, 6.377198
61910790, 2920.132568, 3074.876953, 1250.067017, 243.000000, 231.748825, 8.332598, 0.000000, -22.502350, 26.389514, 4.445435
62132803, 2708.564697, 5332.966797, 1428.571411, 235.000000, 223.525833, -4.430607, 0.133779, -22.948334, 20.089473, -1.571747
62354748, 2545.999023, 900.000000, 1264.382324, 230.000000, 208.454803, -39.446995, 0.244147, -43.090393, 10.492488, -6.849090
62577836, 2437.547607, 4050.000000, 1090.790039, 224.000000, 187.697922, -79.634888, 0.351171, -72.604156, 0.000000, -7.030731
62799949, 2354.350586, 1050.000000, 1078.186523, 207.000000, 163.439331, -85.795807, 0.391304, -87.121338, 0.000000, 1.325531
63021906, 2272.476074, 1050.000000, 892.857117, 179.000000, 135.686066, -86.929016, 0.459532, -86.627869, 0.000000, -0.301147
63243937, 2266.384766, 1499.992432, 892.857117, 148.000000, 105.909943, -85.035446, 0.428094, -84.180115, 0.000000, -0.855331
63466514, 2292.278076, 449.990997, 909.090942, 114.000000, -17.450718, -443.808441, 0.380602, -262.901428, 0.000000, -180.907021
63688827, 2306.827148, 2985.965820, 740.740723, 73.000000, -16.799837, -157.274185, 0.407358, -179.599670, 0.000000, 22.325485
63910788, 2377.962891, 1725.000000, 535.714294, 18.000000, -13.617451, -30.960098, 0.399331, -63.234901, 0.000000, 32.274804
64132794, 2440.071777, 150.000000, 535.714294, -28.000000, -10.838894, 50.527840, 0.413378, 34.322212, 3.231091, 12.974536
64344862, 2495.269775, 1125.000000, 357.142853, -28.000000, -8.369511, 51.744282, 0.402007, 39.260979, 15.462043, -2.978741
64566580, 2540.365234, 1417.854004, 545.484314, -14.000000, -6.352081, 29.544325, 0.404013, 15.295837, 24.090667, -9.842178
64810888, 2520.571289, 71.429932, 357.161987, 8.000000, -35.000000, -83.710983, 0.537124, -86.000000, 14.289020, -12.000000
65084854, 2342.999023, 71.760719, 181.828094, -1.000000, -35.000000, -58.000000, 0.569900, -68.000000, 0.000000, 10.000000
65317785, 2063.598145, 408.758331, 0.000000, -31.000000, -27.681137, 37.488274, 0.552508, 6.637726, 0.212820, 30.637727
65541541, 1919.145020, 1189.308105, 0.000000, -35.000000, -34.143513, -1.950837, 0.577258, 1.712975, 2.351402, -6.015213
65763777, 1999.365723, 2844.154541, 0.000000, -33.000000, -30.554691, 10.649038, 0.569900, 4.890617, 2.587240, 3.171181
65984829, 2128.248535, 3450.000000, 0.000000, -33.000000, -24.788881, 24.101440, 0.564548, 16.422237, 5.482749, 2.196453
66208123, 2208.944092, 4349.717285, 0.000000, -30.000000, -35.000000, -29.502291, 0.573913, -10.000000, 10.804373, -30.306664
66429793, 2267.718750, 5047.704102, 0.000000, -20.000000, -18.549425, 12.220430, 0.559197, 2.901150, 13.272356, -3.953075
66641563, 2319.080566, 3525.000000, 0.000000, -9.000000, -16.251659, -8.733415, 0.570569, -14.503319, 11.866718, -6.096813
66852803, 2313.467285, 4776.000488, 0.000000, -11.000000, -16.502779, -2.050265, 0.580602, -11.005558, 8.070112, 0.885181
67074913, 2249.478027, 4691.165039, 0.000000, -12.000000, -19.365456, -12.160660, 0.428094, -14.730911, 4.826576, -2.256325
67285831, 2220.969727, 3128.555176, 0.000000, -12.000000, -20.640827, -17.467375, 0.410033, -17.281654, 0.147989, -0.333710
67507848, 2091.811768, 4357.807129, 0.000000, -15.000000, -26.418947, -22.270901, 0.435452, -22.837894, 0.000000, 0.566994
67729779, 1769.750366, 2345.471436, 0.000000, -23.000000, -90.000000, -128.000000, 0.412040, -134.000000, 0.000000, 6.000000
67941554, 1345.965332, 1635.435425, 0.000000, -33.000000, -90.000000, -108.000000, 0.205351, -114.000000, 0.000000, 6.000000
68163851, 1021.219360, 974.995117, 0.000000, -63.000000, -90.000000, -36.000000, 0.000000, -54.000000, 0.000000, 18.000000
68374871, 778.525330, 2089.500244, 0.000000, -97.000000, -90.000000, 30.630001, 0.000000, 14.000000, 0.630000, 16.000000
68586790, 540.779236, 712.142517, 0.000000, -100.000000, -90.000000, 23.559999, 0.000000, 20.000000, 7.560000, -4.000000
68797550, 351.543335, 149.698349, 0.000000, -91.000000, -90.000000, 7.130000, 0.000000, 2.000000, 11.130000, -6.000000
69018916, 200.277069, 0.000000, 0.000000, -83.000000, -90.000000, -7.060000, 0.000000, -14.000000, 8.940000, -2.000000
69219915, 92.725784, 0.000000, 0.000000, -83.000000, -90.000000, -9.260000, 0.000000, -14.000000, 4.740000, 0.000000
69430905, 10.909091, 0.000000, 0.000000, -83.000000, -90.000000, -13.460000, 0.000000, -14.000000, 0.540000, 0.000000
69641914, 0.000000, 298.503021, 0.000000, -83.000000, -90.000000, -14.000000, 0.000000, -14.000000, 0.000000, 0.000000
69844901, 0.000000, 746.276123, 0.000000, -85.000000, -90.000000, -8.000000, 0.000000, -10.000000, 0.000000, 2.000000
70055814, 0.000000, 0.000000, 0.000000, -90.000000, -90.000000, 2.000000, 0.000000, 0.000000, 0.000000, 2.000000
70258762, 0.000000, 0.000000, 0.000000, -90.000000, -90.000000, 0.000000, 0.000000, 0.000000, 0.000000, 0.000000
70460757, 0.000000, 0.000000, 0.000000, -90.000000, -90.000000, 0.000000, 0.000000, 0.000000, 0.000000, 0.000000
70661823, 0.000000, 0.000000, 0.000000, -90.000000, -90.000000, 0.000000, 0.000000, 0.000000, 0.000000, 0.000000
70864772, 0.000000, 0.000000, 0.000000, -90.000000, -90.000000, 0.000000, 0.000000, 0.000000, 0.000000, 0.000000
71066845, 0.000000, 0.000000, 0.000000, -90.000000, -90.000000, 0.000000, 0.000000, 0.000000, 0.000000, 0.000000
71267520, 0.000000, 0.000000, 0.000000, -90.000000, -90.000000, 0.000000, 0.000000, 0.000000, 0.000000, 0.000000
71469520, 0.000000, 0.000000, 0.000000, -90.000000, -90.000000, 0.000000, 0.000000, 0.000000, 0.000000, 0.000000
71680808, 0.000000, 0.000000, 0.000000, -90.000000, -90.000000, 0.000000, 0.000000, 0.000000, 0.000000, 0.000000
71882791, 0.000000, 0.000000, 0.000000, -90.000000, -90.000000, 0.000000, 0.000000, 0.000000, 0.000000, 0.000000
72083769, 0.000000, 0.000000, 0.000000, -90.000000, -90.000000, 0.000000, 0.000000, 0.000000, 0.000000, 0.000000
72286805, 0.000000, 0.000000, 0.000000, -90.000000, -90.000000, 0.000000, 0.000000, 0.000000, 0.000000, 0.000000
72488801, 0.000000, 0.000000, 0.000000, -90.000000, -90.000000, 0.000000, 0.000000, 0.000000, 0.000000, 0.000000
72689804, 0.000000, 0.000000, 0.000000, -90.000000, -90.000000, 0.000000, 0.000000, 0.000000, 0.000000, 0.000000
72892773, 0.000000, 0.000000, 0.000000, -90.000000, -90.000000, 0.000000, 0.000000, 0.000000, 0.000000, 0.000000
73094700, 0.000000, 0.000000, 0.000000, -90.000000, -90.000000, 0.000000, 0.000000, 0.000000, 0.000000, 0.000000
